cate,title
마크(GOT7),마크 글리터 존예
스토브리그,두기 아들은 백퍼 길에서 잃어버리면 동진구장 앞으로 데려다줌ㅇㅇ
유겸,미친 얼굴
송유빈,더쇼 영상 계속나온다 ㅋㅋㅋㅋㅋㅋ
스퀘어,왜 귀여움받는지알것같은 헬스초보자 후기
케이돌토크,난 이번 노래는 잭슨 부분이 제일 좋더라
케이돌토크,제이비 헤어 뭐야
국내유명인,ㅇ) 아무리 봐도 차니 유잼인간인듯..
일상토크,김숙 흡연자였던 거 송은이가 티 엄청냈었는뎈ㅋㅋㅋㅋㅋ
JR,영상보는데 광대 안내려왘ㅋㅋㅋㅋㅋㅋㅋㅋㅋㅋㅋ
리그 오브 레전드,미스언더스탠딩이 무슨 미스언더스탠딩인지 모르겠네
케이돌토크,잭슨 목소리 넘 좋음
일상토크,법대 1학년은 걍 용어와의 싸움인 듯...
뷰티,신예은 이 사진 주웠는데 이런 렌즈 있을까?
비엘,에드 받아들이지마
남도현,오늘 카메라 얼굴 잘 잡아줘서 좋다
방탄소년단,남준이 하면 사랑의 배터리지
케이돌토크,아까 노래는 카메라가 별로다
동물의숲,나 TOY 침대 빨간색있는데 다른색이랑 교환구해!
일상토크,같이 스터디 하는 애중에 ㄹㅇ 씹아싸화법 쓰는애 있음
국내유명인,다음 생에 남자로 태어나 미스터트롯 참가하겠습니다
케이돌토크,내돌 왕큰데 귀엽다
케이돌토크,청하 5월 12일 정규는 어디서 나온이야기야..?
골든차일드,저 의상 그거생각난다
권은비,디스패치영상 춤 은근 체계적이야ㅋㅋ
일상토크,야통이 하님한테만 이얏호응 하는거라니이 부러워어
드영배,야 저기 연예인들 장관만들자
드영배,사실 이걸로 언급된 연예인들 타격있을거 같지도 않은데
케이돌토크,"헤메코 플 좋아함 평소엔 걍 말안하고 시바럴,, 하고마는데 플탈때 말할수있어서 ㅋㅋㅋ"
드영배,하진이 생일 인별 오전에 올려줘도 됨!! (당당)
케이돌토크,1819 남돌들 컴백텀 작년~올해 어떤지 대충 찾아봤는데
국내유명인,경나잇??
김재환,이거 언제임?? 데뷔 전인가?
코로나19,덴탈 마스크 덬들 한 번 씩 써??
케이돌토크,내돌 빗앤붓인데 메이크업은 만족함
차이나,섹시한 장국영 보고싶으면 백발마녀전 봐야하는거 맞니?
뉴이스트,이반 티저 지난 번 티저랑 같은 팀인 것 같은 느낌이야
드영배,송혜교는 탈세하려고 모범납세자된게 ㄹㅇ이야
골든차일드,의상 디테일 다 다를거 생각하니 넘 기대돼
케이돌토크,연예인 투기 보면서 자기 재산인데 뭐 어때 하는 쿨병들 보면 존나 환멸나
ARASHI,"난 지금부터 오늘은 안녕을 볼거야,,,"
스토브리그,덬들은 언제부터 작가님 찐이구나..! 찐 휴머니스트구나 느꼈어?
일상토크,덬들 나 재수학원 있는 친구한테 택배 보낼건데 반 모르면 못보내지..?
코로나19,생활방역으로 가려면 모든 업종 고강도 방역 실시 해야됨
드영배,근데 이 때 정훈이도 차 안에서 조금씩 풀리는 거 느껴지지 않음?
케이돌토크,몬엑이랑 뉴이스트는 멜론 진입은 어떰?
케이돌토크,20대 중반 남동생이 빨래를 너무 못하는데 이거 보통이야?
스토브리그,꼴지팀 10승투수 트레이드
케이돌토크,난 은숙드 오스트도 너무 무섭닼ㅋㅋㅋㅋㅋ
골든차일드,골차 안할 이유 없음
백호,해외럽한테 댓글 달아준 거 봐ㅠ
일상토크,마스크 쓰는 부위만 트러블 장난 아닌데 겁나 신경쓰인다ㅠㅠㅠㅠㅠㅠ
케이돌토크,엔시티는 초동이27만인데 총판이 70만장이면
동물의숲,애플이 취향 아니라고생각했는데
케이돌토크,갓덬 공방뛰다가 우주소녀 부탁해랑 이루리 마니 듣고 옴
스퀘어,장우혁으로 보는 20년전 사복 패션.jpg
미야와키 사쿠라,나 마카 몇시간 했나봤는데 121시간했어ㅋㅋㅋㅋㅋ꾸라 컴백하고 도통 시간 없어서
일상토크,익산 사는 덬들 있어...? 자취해야되는데 익산은 원루계약이 왤케 어렵냐 ㅠㅠ
애니,사이코패스 잔인해?
일상토크,얘들아 과대는 쳐맞는거 감수해야하지?
스토브리그,덬들은 언제부터 작가님 찐이구나..! 찐 휴머니스트구나 느꼈어?
일상토크,덬들 나 재수학원 있는 친구한테 택배 보낼건데 반 모르면 못보내지..?
코로나19,생활방역으로 가려면 모든 업종 고강도 방역 실시 해야됨
드영배,근데 이 때 정훈이도 차 안에서 조금씩 풀리는 거 느껴지지 않음?
케이돌토크,몬엑이랑 뉴이스트는 멜론 진입은 어떰?
케이돌토크,20대 중반 남동생이 빨래를 너무 못하는데 이거 보통이야?
스토브리그,꼴지팀 10승투수 트레이드
케이돌토크,난 은숙드 오스트도 너무 무섭닼ㅋㅋㅋㅋㅋ
골든차일드,골차 안할 이유 없음
백호,해외럽한테 댓글 달아준 거 봐ㅠ
일상토크,마스크 쓰는 부위만 트러블 장난 아닌데 겁나 신경쓰인다ㅠㅠㅠㅠㅠㅠ
케이돌토크,엔시티는 초동이27만인데 총판이 70만장이면
동물의숲,애플이 취향 아니라고생각했는데
케이돌토크,갓덬 공방뛰다가 우주소녀 부탁해랑 이루리 마니 듣고 옴
스퀘어,장우혁으로 보는 20년전 사복 패션.jpg
미야와키 사쿠라,나 마카 몇시간 했나봤는데 121시간했어ㅋㅋㅋㅋㅋ꾸라 컴백하고 도통 시간 없어서
일상토크,익산 사는 덬들 있어...? 자취해야되는데 익산은 원루계약이 왤케 어렵냐 ㅠㅠ
애니,사이코패스 잔인해?
일상토크,얘들아 과대는 쳐맞는거 감수해야하지?
마크(GOT7),지금 머리 좀만 다듬으면 다비네스 광고 느낌 날텐데ㅋㅋ
스토브리그,덬들은 언제부터 작가님 찐이구나..! 찐 휴머니스트구나 느꼈어?
일상토크,덬들 나 재수학원 있는 친구한테 택배 보낼건데 반 모르면 못보내지..?
코로나19,생활방역으로 가려면 모든 업종 고강도 방역 실시 해야됨
드영배,근데 이 때 정훈이도 차 안에서 조금씩 풀리는 거 느껴지지 않음?
케이돌토크,몬엑이랑 뉴이스트는 멜론 진입은 어떰?
케이돌토크,20대 중반 남동생이 빨래를 너무 못하는데 이거 보통이야?
스토브리그,꼴지팀 10승투수 트레이드
케이돌토크,난 은숙드 오스트도 너무 무섭닼ㅋㅋㅋㅋㅋ
골든차일드,골차 안할 이유 없음
백호,해외럽한테 댓글 달아준 거 봐ㅠ
일상토크,마스크 쓰는 부위만 트러블 장난 아닌데 겁나 신경쓰인다ㅠㅠㅠㅠㅠㅠ
케이돌토크,엔시티는 초동이27만인데 총판이 70만장이면
동물의숲,애플이 취향 아니라고생각했는데
케이돌토크,갓덬 공방뛰다가 우주소녀 부탁해랑 이루리 마니 듣고 옴
스퀘어,장우혁으로 보는 20년전 사복 패션.jpg
미야와키 사쿠라,나 마카 몇시간 했나봤는데 121시간했어ㅋㅋㅋㅋㅋ꾸라 컴백하고 도통 시간 없어서
일상토크,익산 사는 덬들 있어...? 자취해야되는데 익산은 원루계약이 왤케 어렵냐 ㅠㅠ
애니,사이코패스 잔인해?
일상토크,얘들아 과대는 쳐맞는거 감수해야하지?
마크(GOT7),지금 머리 좀만 다듬으면 다비네스 광고 느낌 날텐데ㅋㅋ
스토브리그,덬들은 언제부터 작가님 찐이구나..! 찐 휴머니스트구나 느꼈어?
일상토크,덬들 나 재수학원 있는 친구한테 택배 보낼건데 반 모르면 못보내지..?
코로나19,생활방역으로 가려면 모든 업종 고강도 방역 실시 해야됨
드영배,근데 이 때 정훈이도 차 안에서 조금씩 풀리는 거 느껴지지 않음?
케이돌토크,몬엑이랑 뉴이스트는 멜론 진입은 어떰?
케이돌토크,20대 중반 남동생이 빨래를 너무 못하는데 이거 보통이야?
스토브리그,꼴지팀 10승투수 트레이드
케이돌토크,난 은숙드 오스트도 너무 무섭닼ㅋㅋㅋㅋㅋ
골든차일드,골차 안할 이유 없음
백호,해외럽한테 댓글 달아준 거 봐ㅠ
일상토크,마스크 쓰는 부위만 트러블 장난 아닌데 겁나 신경쓰인다ㅠㅠㅠㅠㅠㅠ
케이돌토크,엔시티는 초동이27만인데 총판이 70만장이면
동물의숲,애플이 취향 아니라고생각했는데
케이돌토크,갓덬 공방뛰다가 우주소녀 부탁해랑 이루리 마니 듣고 옴
스퀘어,장우혁으로 보는 20년전 사복 패션.jpg
미야와키 사쿠라,나 마카 몇시간 했나봤는데 121시간했어ㅋㅋㅋㅋㅋ꾸라 컴백하고 도통 시간 없어서
일상토크,익산 사는 덬들 있어...? 자취해야되는데 익산은 원루계약이 왤케 어렵냐 ㅠㅠ
애니,사이코패스 잔인해?
일상토크,얘들아 과대는 쳐맞는거 감수해야하지?
마크(GOT7),지금 머리 좀만 다듬으면 다비네스 광고 느낌 날텐데ㅋㅋ
스토브리그,덬들은 언제부터 작가님 찐이구나..! 찐 휴머니스트구나 느꼈어?
일상토크,덬들 나 재수학원 있는 친구한테 택배 보낼건데 반 모르면 못보내지..?
코로나19,생활방역으로 가려면 모든 업종 고강도 방역 실시 해야됨
드영배,근데 이 때 정훈이도 차 안에서 조금씩 풀리는 거 느껴지지 않음?
케이돌토크,몬엑이랑 뉴이스트는 멜론 진입은 어떰?
케이돌토크,20대 중반 남동생이 빨래를 너무 못하는데 이거 보통이야?
스토브리그,꼴지팀 10승투수 트레이드
케이돌토크,난 은숙드 오스트도 너무 무섭닼ㅋㅋㅋㅋㅋ
골든차일드,골차 안할 이유 없음
백호,해외럽한테 댓글 달아준 거 봐ㅠ
일상토크,마스크 쓰는 부위만 트러블 장난 아닌데 겁나 신경쓰인다ㅠㅠㅠㅠㅠㅠ
케이돌토크,엔시티는 초동이27만인데 총판이 70만장이면
동물의숲,애플이 취향 아니라고생각했는데
케이돌토크,갓덬 공방뛰다가 우주소녀 부탁해랑 이루리 마니 듣고 옴
스퀘어,장우혁으로 보는 20년전 사복 패션.jpg
미야와키 사쿠라,나 마카 몇시간 했나봤는데 121시간했어ㅋㅋㅋㅋㅋ꾸라 컴백하고 도통 시간 없어서
일상토크,익산 사는 덬들 있어...? 자취해야되는데 익산은 원루계약이 왤케 어렵냐 ㅠㅠ
애니,사이코패스 잔인해?
일상토크,얘들아 과대는 쳐맞는거 감수해야하지?
마크(GOT7),지금 머리 좀만 다듬으면 다비네스 광고 느낌 날텐데ㅋㅋ
케이돌토크,슴돌덬인 내친구 슴이 사람이라면 손등을 자로 때리고싶대
뉴이스트,저 노래가사뭐엿지? 모나리자?
ARASHI,"난 지금부터 오늘은 안녕을 볼거야,,,"
스토브리그,덬들은 언제부터 작가님 찐이구나..! 찐 휴머니스트구나 느꼈어?
일상토크,덬들 나 재수학원 있는 친구한테 택배 보낼건데 반 모르면 못보내지..?
코로나19,생활방역으로 가려면 모든 업종 고강도 방역 실시 해야됨
드영배,근데 이 때 정훈이도 차 안에서 조금씩 풀리는 거 느껴지지 않음?
케이돌토크,몬엑이랑 뉴이스트는 멜론 진입은 어떰?
케이돌토크,20대 중반 남동생이 빨래를 너무 못하는데 이거 보통이야?
스토브리그,꼴지팀 10승투수 트레이드
케이돌토크,난 은숙드 오스트도 너무 무섭닼ㅋㅋㅋㅋㅋ
골든차일드,골차 안할 이유 없음
백호,해외럽한테 댓글 달아준 거 봐ㅠ
일상토크,마스크 쓰는 부위만 트러블 장난 아닌데 겁나 신경쓰인다ㅠㅠㅠㅠㅠㅠ
케이돌토크,엔시티는 초동이27만인데 총판이 70만장이면
동물의숲,애플이 취향 아니라고생각했는데
케이돌토크,갓덬 공방뛰다가 우주소녀 부탁해랑 이루리 마니 듣고 옴
스퀘어,장우혁으로 보는 20년전 사복 패션.jpg
미야와키 사쿠라,나 마카 몇시간 했나봤는데 121시간했어ㅋㅋㅋㅋㅋ꾸라 컴백하고 도통 시간 없어서
일상토크,익산 사는 덬들 있어...? 자취해야되는데 익산은 원루계약이 왤케 어렵냐 ㅠㅠ
케이돌토크,슴돌덬인 내친구 슴이 사람이라면 손등을 자로 때리고싶대
뉴이스트,저 노래가사뭐엿지? 모나리자?
ARASHI,"난 지금부터 오늘은 안녕을 볼거야,,,"
스토브리그,덬들은 언제부터 작가님 찐이구나..! 찐 휴머니스트구나 느꼈어?
일상토크,덬들 나 재수학원 있는 친구한테 택배 보낼건데 반 모르면 못보내지..?
코로나19,생활방역으로 가려면 모든 업종 고강도 방역 실시 해야됨
드영배,근데 이 때 정훈이도 차 안에서 조금씩 풀리는 거 느껴지지 않음?
케이돌토크,몬엑이랑 뉴이스트는 멜론 진입은 어떰?
케이돌토크,20대 중반 남동생이 빨래를 너무 못하는데 이거 보통이야?
스토브리그,꼴지팀 10승투수 트레이드
케이돌토크,난 은숙드 오스트도 너무 무섭닼ㅋㅋㅋㅋㅋ
골든차일드,골차 안할 이유 없음
백호,해외럽한테 댓글 달아준 거 봐ㅠ
일상토크,마스크 쓰는 부위만 트러블 장난 아닌데 겁나 신경쓰인다ㅠㅠㅠㅠㅠㅠ
케이돌토크,엔시티는 초동이27만인데 총판이 70만장이면
동물의숲,애플이 취향 아니라고생각했는데
케이돌토크,갓덬 공방뛰다가 우주소녀 부탁해랑 이루리 마니 듣고 옴
스퀘어,장우혁으로 보는 20년전 사복 패션.jpg
미야와키 사쿠라,나 마카 몇시간 했나봤는데 121시간했어ㅋㅋㅋㅋㅋ꾸라 컴백하고 도통 시간 없어서
일상토크,익산 사는 덬들 있어...? 자취해야되는데 익산은 원루계약이 왤케 어렵냐 ㅠㅠ
케이돌토크,슴돌덬인 내친구 슴이 사람이라면 손등을 자로 때리고싶대
뉴이스트,저 노래가사뭐엿지? 모나리자?
ARASHI,"난 지금부터 오늘은 안녕을 볼거야,,,"
스토브리그,덬들은 언제부터 작가님 찐이구나..! 찐 휴머니스트구나 느꼈어?
일상토크,덬들 나 재수학원 있는 친구한테 택배 보낼건데 반 모르면 못보내지..?
코로나19,생활방역으로 가려면 모든 업종 고강도 방역 실시 해야됨
드영배,근데 이 때 정훈이도 차 안에서 조금씩 풀리는 거 느껴지지 않음?
케이돌토크,몬엑이랑 뉴이스트는 멜론 진입은 어떰?
케이돌토크,20대 중반 남동생이 빨래를 너무 못하는데 이거 보통이야?
스토브리그,꼴지팀 10승투수 트레이드
케이돌토크,난 은숙드 오스트도 너무 무섭닼ㅋㅋㅋㅋㅋ
골든차일드,골차 안할 이유 없음
백호,해외럽한테 댓글 달아준 거 봐ㅠ
일상토크,마스크 쓰는 부위만 트러블 장난 아닌데 겁나 신경쓰인다ㅠㅠㅠㅠㅠㅠ
케이돌토크,엔시티는 초동이27만인데 총판이 70만장이면
동물의숲,애플이 취향 아니라고생각했는데
케이돌토크,갓덬 공방뛰다가 우주소녀 부탁해랑 이루리 마니 듣고 옴
스퀘어,장우혁으로 보는 20년전 사복 패션.jpg
미야와키 사쿠라,나 마카 몇시간 했나봤는데 121시간했어ㅋㅋㅋㅋㅋ꾸라 컴백하고 도통 시간 없어서
일상토크,익산 사는 덬들 있어...? 자취해야되는데 익산은 원루계약이 왤케 어렵냐 ㅠㅠ
케이돌토크,슴돌덬인 내친구 슴이 사람이라면 손등을 자로 때리고싶대
뉴이스트,저 노래가사뭐엿지? 모나리자?
ARASHI,"난 지금부터 오늘은 안녕을 볼거야,,,"
스토브리그,덬들은 언제부터 작가님 찐이구나..! 찐 휴머니스트구나 느꼈어?
일상토크,덬들 나 재수학원 있는 친구한테 택배 보낼건데 반 모르면 못보내지..?
코로나19,생활방역으로 가려면 모든 업종 고강도 방역 실시 해야됨
드영배,근데 이 때 정훈이도 차 안에서 조금씩 풀리는 거 느껴지지 않음?
케이돌토크,몬엑이랑 뉴이스트는 멜론 진입은 어떰?
케이돌토크,20대 중반 남동생이 빨래를 너무 못하는데 이거 보통이야?
스토브리그,꼴지팀 10승투수 트레이드
케이돌토크,난 은숙드 오스트도 너무 무섭닼ㅋㅋㅋㅋㅋ
골든차일드,골차 안할 이유 없음
백호,해외럽한테 댓글 달아준 거 봐ㅠ
일상토크,마스크 쓰는 부위만 트러블 장난 아닌데 겁나 신경쓰인다ㅠㅠㅠㅠㅠㅠ
케이돌토크,엔시티는 초동이27만인데 총판이 70만장이면
동물의숲,애플이 취향 아니라고생각했는데
케이돌토크,갓덬 공방뛰다가 우주소녀 부탁해랑 이루리 마니 듣고 옴
스퀘어,장우혁으로 보는 20년전 사복 패션.jpg
미야와키 사쿠라,나 마카 몇시간 했나봤는데 121시간했어ㅋㅋㅋㅋㅋ꾸라 컴백하고 도통 시간 없어서
일상토크,익산 사는 덬들 있어...? 자취해야되는데 익산은 원루계약이 왤케 어렵냐 ㅠㅠ
방탄소년단,달고나찜 존나 웃긴게 본인이 컨텐츠 만들어놓고서 현타옴ㅋㅋㅋㅋ
케이돌토크,슴돌덬인 내친구 슴이 사람이라면 손등을 자로 때리고싶대
뉴이스트,저 노래가사뭐엿지? 모나리자?
ARASHI,"난 지금부터 오늘은 안녕을 볼거야,,,"
스토브리그,덬들은 언제부터 작가님 찐이구나..! 찐 휴머니스트구나 느꼈어?
일상토크,덬들 나 재수학원 있는 친구한테 택배 보낼건데 반 모르면 못보내지..?
코로나19,생활방역으로 가려면 모든 업종 고강도 방역 실시 해야됨
드영배,근데 이 때 정훈이도 차 안에서 조금씩 풀리는 거 느껴지지 않음?
케이돌토크,몬엑이랑 뉴이스트는 멜론 진입은 어떰?
케이돌토크,20대 중반 남동생이 빨래를 너무 못하는데 이거 보통이야?
스토브리그,꼴지팀 10승투수 트레이드
케이돌토크,난 은숙드 오스트도 너무 무섭닼ㅋㅋㅋㅋㅋ
골든차일드,골차 안할 이유 없음
백호,해외럽한테 댓글 달아준 거 봐ㅠ
일상토크,마스크 쓰는 부위만 트러블 장난 아닌데 겁나 신경쓰인다ㅠㅠㅠㅠㅠㅠ
케이돌토크,엔시티는 초동이27만인데 총판이 70만장이면
동물의숲,애플이 취향 아니라고생각했는데
케이돌토크,갓덬 공방뛰다가 우주소녀 부탁해랑 이루리 마니 듣고 옴
스퀘어,장우혁으로 보는 20년전 사복 패션.jpg
미야와키 사쿠라,나 마카 몇시간 했나봤는데 121시간했어ㅋㅋㅋㅋㅋ꾸라 컴백하고 도통 시간 없어서
방탄소년단,달고나찜 존나 웃긴게 본인이 컨텐츠 만들어놓고서 현타옴ㅋㅋㅋㅋ
케이돌토크,슴돌덬인 내친구 슴이 사람이라면 손등을 자로 때리고싶대
뉴이스트,저 노래가사뭐엿지? 모나리자?
ARASHI,"난 지금부터 오늘은 안녕을 볼거야,,,"
스토브리그,덬들은 언제부터 작가님 찐이구나..! 찐 휴머니스트구나 느꼈어?
일상토크,덬들 나 재수학원 있는 친구한테 택배 보낼건데 반 모르면 못보내지..?
코로나19,생활방역으로 가려면 모든 업종 고강도 방역 실시 해야됨
드영배,근데 이 때 정훈이도 차 안에서 조금씩 풀리는 거 느껴지지 않음?
케이돌토크,몬엑이랑 뉴이스트는 멜론 진입은 어떰?
케이돌토크,20대 중반 남동생이 빨래를 너무 못하는데 이거 보통이야?
스토브리그,꼴지팀 10승투수 트레이드
케이돌토크,난 은숙드 오스트도 너무 무섭닼ㅋㅋㅋㅋㅋ
골든차일드,골차 안할 이유 없음
백호,해외럽한테 댓글 달아준 거 봐ㅠ
일상토크,마스크 쓰는 부위만 트러블 장난 아닌데 겁나 신경쓰인다ㅠㅠㅠㅠㅠㅠ
케이돌토크,엔시티는 초동이27만인데 총판이 70만장이면
동물의숲,애플이 취향 아니라고생각했는데
케이돌토크,갓덬 공방뛰다가 우주소녀 부탁해랑 이루리 마니 듣고 옴
스퀘어,장우혁으로 보는 20년전 사복 패션.jpg
미야와키 사쿠라,나 마카 몇시간 했나봤는데 121시간했어ㅋㅋㅋㅋㅋ꾸라 컴백하고 도통 시간 없어서
왕이보,ㅇㅇㅂ 레고로도 달고나 커피를 ㅋㅋㅋㅋ
방탄소년단,달고나찜 존나 웃긴게 본인이 컨텐츠 만들어놓고서 현타옴ㅋㅋㅋㅋ
케이돌토크,슴돌덬인 내친구 슴이 사람이라면 손등을 자로 때리고싶대
뉴이스트,저 노래가사뭐엿지? 모나리자?
ARASHI,"난 지금부터 오늘은 안녕을 볼거야,,,"
스토브리그,덬들은 언제부터 작가님 찐이구나..! 찐 휴머니스트구나 느꼈어?
일상토크,덬들 나 재수학원 있는 친구한테 택배 보낼건데 반 모르면 못보내지..?
코로나19,생활방역으로 가려면 모든 업종 고강도 방역 실시 해야됨
드영배,근데 이 때 정훈이도 차 안에서 조금씩 풀리는 거 느껴지지 않음?
케이돌토크,몬엑이랑 뉴이스트는 멜론 진입은 어떰?
케이돌토크,20대 중반 남동생이 빨래를 너무 못하는데 이거 보통이야?
스토브리그,꼴지팀 10승투수 트레이드
케이돌토크,난 은숙드 오스트도 너무 무섭닼ㅋㅋㅋㅋㅋ
골든차일드,골차 안할 이유 없음
백호,해외럽한테 댓글 달아준 거 봐ㅠ
일상토크,마스크 쓰는 부위만 트러블 장난 아닌데 겁나 신경쓰인다ㅠㅠㅠㅠㅠㅠ
케이돌토크,엔시티는 초동이27만인데 총판이 70만장이면
동물의숲,애플이 취향 아니라고생각했는데
케이돌토크,갓덬 공방뛰다가 우주소녀 부탁해랑 이루리 마니 듣고 옴
스퀘어,장우혁으로 보는 20년전 사복 패션.jpg
왕이보,ㅇㅇㅂ 레고로도 달고나 커피를 ㅋㅋㅋㅋ
방탄소년단,달고나찜 존나 웃긴게 본인이 컨텐츠 만들어놓고서 현타옴ㅋㅋㅋㅋ
케이돌토크,슴돌덬인 내친구 슴이 사람이라면 손등을 자로 때리고싶대
뉴이스트,저 노래가사뭐엿지? 모나리자?
ARASHI,"난 지금부터 오늘은 안녕을 볼거야,,,"
스토브리그,덬들은 언제부터 작가님 찐이구나..! 찐 휴머니스트구나 느꼈어?
일상토크,덬들 나 재수학원 있는 친구한테 택배 보낼건데 반 모르면 못보내지..?
코로나19,생활방역으로 가려면 모든 업종 고강도 방역 실시 해야됨
드영배,근데 이 때 정훈이도 차 안에서 조금씩 풀리는 거 느껴지지 않음?
케이돌토크,몬엑이랑 뉴이스트는 멜론 진입은 어떰?
케이돌토크,20대 중반 남동생이 빨래를 너무 못하는데 이거 보통이야?
스토브리그,꼴지팀 10승투수 트레이드
케이돌토크,난 은숙드 오스트도 너무 무섭닼ㅋㅋㅋㅋㅋ
골든차일드,골차 안할 이유 없음
백호,해외럽한테 댓글 달아준 거 봐ㅠ
일상토크,마스크 쓰는 부위만 트러블 장난 아닌데 겁나 신경쓰인다ㅠㅠㅠㅠㅠㅠ
케이돌토크,엔시티는 초동이27만인데 총판이 70만장이면
동물의숲,애플이 취향 아니라고생각했는데
케이돌토크,갓덬 공방뛰다가 우주소녀 부탁해랑 이루리 마니 듣고 옴
스퀘어,장우혁으로 보는 20년전 사복 패션.jpg
동물의숲,N년만에 튀동숲 틀어봤더니 햄스틴이..
방탄소년단,지민이 웃고있다가 얼떨결에 공 받았어
왕이보,ㅇㅇㅂ 레고로도 달고나 커피를 ㅋㅋㅋㅋ
방탄소년단,달고나찜 존나 웃긴게 본인이 컨텐츠 만들어놓고서 현타옴ㅋㅋㅋㅋ
케이돌토크,슴돌덬인 내친구 슴이 사람이라면 손등을 자로 때리고싶대
뉴이스트,저 노래가사뭐엿지? 모나리자?
ARASHI,"난 지금부터 오늘은 안녕을 볼거야,,,"
스토브리그,덬들은 언제부터 작가님 찐이구나..! 찐 휴머니스트구나 느꼈어?
일상토크,덬들 나 재수학원 있는 친구한테 택배 보낼건데 반 모르면 못보내지..?
코로나19,생활방역으로 가려면 모든 업종 고강도 방역 실시 해야됨
드영배,근데 이 때 정훈이도 차 안에서 조금씩 풀리는 거 느껴지지 않음?
케이돌토크,몬엑이랑 뉴이스트는 멜론 진입은 어떰?
케이돌토크,20대 중반 남동생이 빨래를 너무 못하는데 이거 보통이야?
스토브리그,꼴지팀 10승투수 트레이드
케이돌토크,난 은숙드 오스트도 너무 무섭닼ㅋㅋㅋㅋㅋ
골든차일드,골차 안할 이유 없음
백호,해외럽한테 댓글 달아준 거 봐ㅠ
일상토크,마스크 쓰는 부위만 트러블 장난 아닌데 겁나 신경쓰인다ㅠㅠㅠㅠㅠㅠ
케이돌토크,엔시티는 초동이27만인데 총판이 70만장이면
동물의숲,애플이 취향 아니라고생각했는데
골든차일드,나 내눈의 최애덬..눈물이 흐르는구나
동물의숲,N년만에 튀동숲 틀어봤더니 햄스틴이..
방탄소년단,지민이 웃고있다가 얼떨결에 공 받았어
왕이보,ㅇㅇㅂ 레고로도 달고나 커피를 ㅋㅋㅋㅋ
방탄소년단,달고나찜 존나 웃긴게 본인이 컨텐츠 만들어놓고서 현타옴ㅋㅋㅋㅋ
케이돌토크,슴돌덬인 내친구 슴이 사람이라면 손등을 자로 때리고싶대
뉴이스트,저 노래가사뭐엿지? 모나리자?
ARASHI,"난 지금부터 오늘은 안녕을 볼거야,,,"
스토브리그,덬들은 언제부터 작가님 찐이구나..! 찐 휴머니스트구나 느꼈어?
일상토크,덬들 나 재수학원 있는 친구한테 택배 보낼건데 반 모르면 못보내지..?
코로나19,생활방역으로 가려면 모든 업종 고강도 방역 실시 해야됨
드영배,근데 이 때 정훈이도 차 안에서 조금씩 풀리는 거 느껴지지 않음?
케이돌토크,몬엑이랑 뉴이스트는 멜론 진입은 어떰?
케이돌토크,20대 중반 남동생이 빨래를 너무 못하는데 이거 보통이야?
스토브리그,꼴지팀 10승투수 트레이드
케이돌토크,난 은숙드 오스트도 너무 무섭닼ㅋㅋㅋㅋㅋ
골든차일드,골차 안할 이유 없음
백호,해외럽한테 댓글 달아준 거 봐ㅠ
일상토크,마스크 쓰는 부위만 트러블 장난 아닌데 겁나 신경쓰인다ㅠㅠㅠㅠㅠㅠ
케이돌토크,엔시티는 초동이27만인데 총판이 70만장이면
골든차일드,나 내눈의 최애덬..눈물이 흐르는구나
동물의숲,N년만에 튀동숲 틀어봤더니 햄스틴이..
방탄소년단,지민이 웃고있다가 얼떨결에 공 받았어
왕이보,ㅇㅇㅂ 레고로도 달고나 커피를 ㅋㅋㅋㅋ
방탄소년단,달고나찜 존나 웃긴게 본인이 컨텐츠 만들어놓고서 현타옴ㅋㅋㅋㅋ
케이돌토크,슴돌덬인 내친구 슴이 사람이라면 손등을 자로 때리고싶대
뉴이스트,저 노래가사뭐엿지? 모나리자?
ARASHI,"난 지금부터 오늘은 안녕을 볼거야,,,"
스토브리그,덬들은 언제부터 작가님 찐이구나..! 찐 휴머니스트구나 느꼈어?
일상토크,덬들 나 재수학원 있는 친구한테 택배 보낼건데 반 모르면 못보내지..?
코로나19,생활방역으로 가려면 모든 업종 고강도 방역 실시 해야됨
드영배,근데 이 때 정훈이도 차 안에서 조금씩 풀리는 거 느껴지지 않음?
케이돌토크,몬엑이랑 뉴이스트는 멜론 진입은 어떰?
케이돌토크,20대 중반 남동생이 빨래를 너무 못하는데 이거 보통이야?
스토브리그,꼴지팀 10승투수 트레이드
케이돌토크,난 은숙드 오스트도 너무 무섭닼ㅋㅋㅋㅋㅋ
골든차일드,골차 안할 이유 없음
백호,해외럽한테 댓글 달아준 거 봐ㅠ
일상토크,마스크 쓰는 부위만 트러블 장난 아닌데 겁나 신경쓰인다ㅠㅠㅠㅠㅠㅠ
케이돌토크,엔시티는 초동이27만인데 총판이 70만장이면
일상토크,아침 7시30분이면 투표하는 사람 많을까
골든차일드,나 내눈의 최애덬..눈물이 흐르는구나
동물의숲,N년만에 튀동숲 틀어봤더니 햄스틴이..
방탄소년단,지민이 웃고있다가 얼떨결에 공 받았어
왕이보,ㅇㅇㅂ 레고로도 달고나 커피를 ㅋㅋㅋㅋ
방탄소년단,달고나찜 존나 웃긴게 본인이 컨텐츠 만들어놓고서 현타옴ㅋㅋㅋㅋ
케이돌토크,슴돌덬인 내친구 슴이 사람이라면 손등을 자로 때리고싶대
뉴이스트,저 노래가사뭐엿지? 모나리자?
ARASHI,"난 지금부터 오늘은 안녕을 볼거야,,,"
스토브리그,덬들은 언제부터 작가님 찐이구나..! 찐 휴머니스트구나 느꼈어?
일상토크,덬들 나 재수학원 있는 친구한테 택배 보낼건데 반 모르면 못보내지..?
코로나19,생활방역으로 가려면 모든 업종 고강도 방역 실시 해야됨
드영배,근데 이 때 정훈이도 차 안에서 조금씩 풀리는 거 느껴지지 않음?
케이돌토크,몬엑이랑 뉴이스트는 멜론 진입은 어떰?
케이돌토크,20대 중반 남동생이 빨래를 너무 못하는데 이거 보통이야?
스토브리그,꼴지팀 10승투수 트레이드
케이돌토크,난 은숙드 오스트도 너무 무섭닼ㅋㅋㅋㅋㅋ
골든차일드,골차 안할 이유 없음
백호,해외럽한테 댓글 달아준 거 봐ㅠ
일상토크,마스크 쓰는 부위만 트러블 장난 아닌데 겁나 신경쓰인다ㅠㅠㅠㅠㅠㅠ
케이돌토크,엔시티 월간든거 신기해
일상토크,아침 7시30분이면 투표하는 사람 많을까
골든차일드,나 내눈의 최애덬..눈물이 흐르는구나
동물의숲,N년만에 튀동숲 틀어봤더니 햄스틴이..
방탄소년단,지민이 웃고있다가 얼떨결에 공 받았어
왕이보,ㅇㅇㅂ 레고로도 달고나 커피를 ㅋㅋㅋㅋ
방탄소년단,달고나찜 존나 웃긴게 본인이 컨텐츠 만들어놓고서 현타옴ㅋㅋㅋㅋ
케이돌토크,슴돌덬인 내친구 슴이 사람이라면 손등을 자로 때리고싶대
뉴이스트,저 노래가사뭐엿지? 모나리자?
ARASHI,"난 지금부터 오늘은 안녕을 볼거야,,,"
스토브리그,덬들은 언제부터 작가님 찐이구나..! 찐 휴머니스트구나 느꼈어?
일상토크,덬들 나 재수학원 있는 친구한테 택배 보낼건데 반 모르면 못보내지..?
코로나19,생활방역으로 가려면 모든 업종 고강도 방역 실시 해야됨
드영배,근데 이 때 정훈이도 차 안에서 조금씩 풀리는 거 느껴지지 않음?
케이돌토크,몬엑이랑 뉴이스트는 멜론 진입은 어떰?
케이돌토크,20대 중반 남동생이 빨래를 너무 못하는데 이거 보통이야?
스토브리그,꼴지팀 10승투수 트레이드
케이돌토크,난 은숙드 오스트도 너무 무섭닼ㅋㅋㅋㅋㅋ
골든차일드,골차 안할 이유 없음
백호,해외럽한테 댓글 달아준 거 봐ㅠ
케이돌토크,엔시티 월간든거 신기해
일상토크,아침 7시30분이면 투표하는 사람 많을까
골든차일드,나 내눈의 최애덬..눈물이 흐르는구나
동물의숲,N년만에 튀동숲 틀어봤더니 햄스틴이..
방탄소년단,지민이 웃고있다가 얼떨결에 공 받았어
왕이보,ㅇㅇㅂ 레고로도 달고나 커피를 ㅋㅋㅋㅋ
방탄소년단,달고나찜 존나 웃긴게 본인이 컨텐츠 만들어놓고서 현타옴ㅋㅋㅋㅋ
케이돌토크,슴돌덬인 내친구 슴이 사람이라면 손등을 자로 때리고싶대
뉴이스트,저 노래가사뭐엿지? 모나리자?
ARASHI,"난 지금부터 오늘은 안녕을 볼거야,,,"
스토브리그,덬들은 언제부터 작가님 찐이구나..! 찐 휴머니스트구나 느꼈어?
일상토크,덬들 나 재수학원 있는 친구한테 택배 보낼건데 반 모르면 못보내지..?
코로나19,생활방역으로 가려면 모든 업종 고강도 방역 실시 해야됨
드영배,근데 이 때 정훈이도 차 안에서 조금씩 풀리는 거 느껴지지 않음?
케이돌토크,몬엑이랑 뉴이스트는 멜론 진입은 어떰?
케이돌토크,20대 중반 남동생이 빨래를 너무 못하는데 이거 보통이야?
스토브리그,꼴지팀 10승투수 트레이드
케이돌토크,난 은숙드 오스트도 너무 무섭닼ㅋㅋㅋㅋㅋ
골든차일드,골차 안할 이유 없음
백호,해외럽한테 댓글 달아준 거 봐ㅠ
케이돌토크,엔시티 월간든거 신기해
일상토크,아침 7시30분이면 투표하는 사람 많을까
골든차일드,나 내눈의 최애덬..눈물이 흐르는구나
동물의숲,N년만에 튀동숲 틀어봤더니 햄스틴이..
방탄소년단,지민이 웃고있다가 얼떨결에 공 받았어
왕이보,ㅇㅇㅂ 레고로도 달고나 커피를 ㅋㅋㅋㅋ
방탄소년단,달고나찜 존나 웃긴게 본인이 컨텐츠 만들어놓고서 현타옴ㅋㅋㅋㅋ
케이돌토크,슴돌덬인 내친구 슴이 사람이라면 손등을 자로 때리고싶대
뉴이스트,저 노래가사뭐엿지? 모나리자?
ARASHI,"난 지금부터 오늘은 안녕을 볼거야,,,"
스토브리그,덬들은 언제부터 작가님 찐이구나..! 찐 휴머니스트구나 느꼈어?
일상토크,덬들 나 재수학원 있는 친구한테 택배 보낼건데 반 모르면 못보내지..?
코로나19,생활방역으로 가려면 모든 업종 고강도 방역 실시 해야됨
드영배,근데 이 때 정훈이도 차 안에서 조금씩 풀리는 거 느껴지지 않음?
케이돌토크,몬엑이랑 뉴이스트는 멜론 진입은 어떰?
케이돌토크,20대 중반 남동생이 빨래를 너무 못하는데 이거 보통이야?
스토브리그,꼴지팀 10승투수 트레이드
케이돌토크,난 은숙드 오스트도 너무 무섭닼ㅋㅋㅋㅋㅋ
골든차일드,골차 안할 이유 없음
백호,해외럽한테 댓글 달아준 거 봐ㅠ
케이돌토크,엔시티 월간든거 신기해
일상토크,아침 7시30분이면 투표하는 사람 많을까
골든차일드,나 내눈의 최애덬..눈물이 흐르는구나
동물의숲,N년만에 튀동숲 틀어봤더니 햄스틴이..
방탄소년단,지민이 웃고있다가 얼떨결에 공 받았어
왕이보,ㅇㅇㅂ 레고로도 달고나 커피를 ㅋㅋㅋㅋ
방탄소년단,달고나찜 존나 웃긴게 본인이 컨텐츠 만들어놓고서 현타옴ㅋㅋㅋㅋ
케이돌토크,슴돌덬인 내친구 슴이 사람이라면 손등을 자로 때리고싶대
뉴이스트,저 노래가사뭐엿지? 모나리자?
ARASHI,"난 지금부터 오늘은 안녕을 볼거야,,,"
스토브리그,덬들은 언제부터 작가님 찐이구나..! 찐 휴머니스트구나 느꼈어?
일상토크,덬들 나 재수학원 있는 친구한테 택배 보낼건데 반 모르면 못보내지..?
코로나19,생활방역으로 가려면 모든 업종 고강도 방역 실시 해야됨
드영배,근데 이 때 정훈이도 차 안에서 조금씩 풀리는 거 느껴지지 않음?
케이돌토크,몬엑이랑 뉴이스트는 멜론 진입은 어떰?
케이돌토크,20대 중반 남동생이 빨래를 너무 못하는데 이거 보통이야?
스토브리그,꼴지팀 10승투수 트레이드
케이돌토크,난 은숙드 오스트도 너무 무섭닼ㅋㅋㅋㅋㅋ
골든차일드,골차 안할 이유 없음
백호,해외럽한테 댓글 달아준 거 봐ㅠ
케이돌토크,엔시티 월간든거 신기해
일상토크,아침 7시30분이면 투표하는 사람 많을까
골든차일드,나 내눈의 최애덬..눈물이 흐르는구나
동물의숲,N년만에 튀동숲 틀어봤더니 햄스틴이..
방탄소년단,지민이 웃고있다가 얼떨결에 공 받았어
왕이보,ㅇㅇㅂ 레고로도 달고나 커피를 ㅋㅋㅋㅋ
방탄소년단,달고나찜 존나 웃긴게 본인이 컨텐츠 만들어놓고서 현타옴ㅋㅋㅋㅋ
케이돌토크,슴돌덬인 내친구 슴이 사람이라면 손등을 자로 때리고싶대
뉴이스트,저 노래가사뭐엿지? 모나리자?
ARASHI,"난 지금부터 오늘은 안녕을 볼거야,,,"
스토브리그,덬들은 언제부터 작가님 찐이구나..! 찐 휴머니스트구나 느꼈어?
일상토크,덬들 나 재수학원 있는 친구한테 택배 보낼건데 반 모르면 못보내지..?
코로나19,생활방역으로 가려면 모든 업종 고강도 방역 실시 해야됨
드영배,근데 이 때 정훈이도 차 안에서 조금씩 풀리는 거 느껴지지 않음?
케이돌토크,몬엑이랑 뉴이스트는 멜론 진입은 어떰?
케이돌토크,20대 중반 남동생이 빨래를 너무 못하는데 이거 보통이야?
스토브리그,꼴지팀 10승투수 트레이드
케이돌토크,난 은숙드 오스트도 너무 무섭닼ㅋㅋㅋㅋㅋ
골든차일드,골차 안할 이유 없음
백호,해외럽한테 댓글 달아준 거 봐ㅠ
케이돌토크,엔시티 월간든거 신기해
일상토크,아침 7시30분이면 투표하는 사람 많을까
골든차일드,나 내눈의 최애덬..눈물이 흐르는구나
동물의숲,N년만에 튀동숲 틀어봤더니 햄스틴이..
방탄소년단,지민이 웃고있다가 얼떨결에 공 받았어
왕이보,ㅇㅇㅂ 레고로도 달고나 커피를 ㅋㅋㅋㅋ
방탄소년단,달고나찜 존나 웃긴게 본인이 컨텐츠 만들어놓고서 현타옴ㅋㅋㅋㅋ
케이돌토크,슴돌덬인 내친구 슴이 사람이라면 손등을 자로 때리고싶대
뉴이스트,저 노래가사뭐엿지? 모나리자?
ARASHI,"난 지금부터 오늘은 안녕을 볼거야,,,"
스토브리그,덬들은 언제부터 작가님 찐이구나..! 찐 휴머니스트구나 느꼈어?
일상토크,덬들 나 재수학원 있는 친구한테 택배 보낼건데 반 모르면 못보내지..?
코로나19,생활방역으로 가려면 모든 업종 고강도 방역 실시 해야됨
드영배,근데 이 때 정훈이도 차 안에서 조금씩 풀리는 거 느껴지지 않음?
케이돌토크,몬엑이랑 뉴이스트는 멜론 진입은 어떰?
케이돌토크,20대 중반 남동생이 빨래를 너무 못하는데 이거 보통이야?
스토브리그,꼴지팀 10승투수 트레이드
케이돌토크,난 은숙드 오스트도 너무 무섭닼ㅋㅋㅋㅋㅋ
골든차일드,골차 안할 이유 없음
백호,해외럽한테 댓글 달아준 거 봐ㅠ
케이돌토크,엔시티 월간든거 신기해
일상토크,아침 7시30분이면 투표하는 사람 많을까
골든차일드,나 내눈의 최애덬..눈물이 흐르는구나
동물의숲,N년만에 튀동숲 틀어봤더니 햄스틴이..
방탄소년단,지민이 웃고있다가 얼떨결에 공 받았어
왕이보,ㅇㅇㅂ 레고로도 달고나 커피를 ㅋㅋㅋㅋ
방탄소년단,달고나찜 존나 웃긴게 본인이 컨텐츠 만들어놓고서 현타옴ㅋㅋㅋㅋ
케이돌토크,슴돌덬인 내친구 슴이 사람이라면 손등을 자로 때리고싶대
뉴이스트,저 노래가사뭐엿지? 모나리자?
ARASHI,"난 지금부터 오늘은 안녕을 볼거야,,,"
스토브리그,덬들은 언제부터 작가님 찐이구나..! 찐 휴머니스트구나 느꼈어?
일상토크,덬들 나 재수학원 있는 친구한테 택배 보낼건데 반 모르면 못보내지..?
코로나19,생활방역으로 가려면 모든 업종 고강도 방역 실시 해야됨
드영배,근데 이 때 정훈이도 차 안에서 조금씩 풀리는 거 느껴지지 않음?
케이돌토크,몬엑이랑 뉴이스트는 멜론 진입은 어떰?
케이돌토크,20대 중반 남동생이 빨래를 너무 못하는데 이거 보통이야?
스토브리그,꼴지팀 10승투수 트레이드
케이돌토크,난 은숙드 오스트도 너무 무섭닼ㅋㅋㅋㅋㅋ
골든차일드,골차 안할 이유 없음
백호,해외럽한테 댓글 달아준 거 봐ㅠ
케이돌토크,엔시티 월간든거 신기해
일상토크,아침 7시30분이면 투표하는 사람 많을까
골든차일드,나 내눈의 최애덬..눈물이 흐르는구나
동물의숲,N년만에 튀동숲 틀어봤더니 햄스틴이..
방탄소년단,지민이 웃고있다가 얼떨결에 공 받았어
왕이보,ㅇㅇㅂ 레고로도 달고나 커피를 ㅋㅋㅋㅋ
방탄소년단,달고나찜 존나 웃긴게 본인이 컨텐츠 만들어놓고서 현타옴ㅋㅋㅋㅋ
케이돌토크,슴돌덬인 내친구 슴이 사람이라면 손등을 자로 때리고싶대
뉴이스트,저 노래가사뭐엿지? 모나리자?
ARASHI,"난 지금부터 오늘은 안녕을 볼거야,,,"
스토브리그,덬들은 언제부터 작가님 찐이구나..! 찐 휴머니스트구나 느꼈어?
일상토크,덬들 나 재수학원 있는 친구한테 택배 보낼건데 반 모르면 못보내지..?
코로나19,생활방역으로 가려면 모든 업종 고강도 방역 실시 해야됨
드영배,근데 이 때 정훈이도 차 안에서 조금씩 풀리는 거 느껴지지 않음?
케이돌토크,몬엑이랑 뉴이스트는 멜론 진입은 어떰?
케이돌토크,20대 중반 남동생이 빨래를 너무 못하는데 이거 보통이야?
스토브리그,꼴지팀 10승투수 트레이드
케이돌토크,난 은숙드 오스트도 너무 무섭닼ㅋㅋㅋㅋㅋ
골든차일드,골차 안할 이유 없음
백호,해외럽한테 댓글 달아준 거 봐ㅠ
케이돌토크,엔시티 월간든거 신기해
일상토크,아침 7시30분이면 투표하는 사람 많을까
골든차일드,나 내눈의 최애덬..눈물이 흐르는구나
동물의숲,N년만에 튀동숲 틀어봤더니 햄스틴이..
방탄소년단,지민이 웃고있다가 얼떨결에 공 받았어
왕이보,ㅇㅇㅂ 레고로도 달고나 커피를 ㅋㅋㅋㅋ
방탄소년단,달고나찜 존나 웃긴게 본인이 컨텐츠 만들어놓고서 현타옴ㅋㅋㅋㅋ
케이돌토크,슴돌덬인 내친구 슴이 사람이라면 손등을 자로 때리고싶대
뉴이스트,저 노래가사뭐엿지? 모나리자?
ARASHI,"난 지금부터 오늘은 안녕을 볼거야,,,"
스토브리그,덬들은 언제부터 작가님 찐이구나..! 찐 휴머니스트구나 느꼈어?
일상토크,덬들 나 재수학원 있는 친구한테 택배 보낼건데 반 모르면 못보내지..?
코로나19,생활방역으로 가려면 모든 업종 고강도 방역 실시 해야됨
드영배,근데 이 때 정훈이도 차 안에서 조금씩 풀리는 거 느껴지지 않음?
케이돌토크,몬엑이랑 뉴이스트는 멜론 진입은 어떰?
케이돌토크,20대 중반 남동생이 빨래를 너무 못하는데 이거 보통이야?
스토브리그,꼴지팀 10승투수 트레이드
케이돌토크,난 은숙드 오스트도 너무 무섭닼ㅋㅋㅋㅋㅋ
골든차일드,골차 안할 이유 없음
백호,해외럽한테 댓글 달아준 거 봐ㅠ
비엘,한주원 대사 진짜 장난없다 (*´?`*)
진영(GOT7),청순선배ㅠㅠㅠㅠㅠㅠㅠㅠㅠㅠㅠㅠㅠㅠㅠㅠㅠㅠㅠㅠㅠ
케이돌토크,엔시티 월간든거 신기해
일상토크,아침 7시30분이면 투표하는 사람 많을까
골든차일드,나 내눈의 최애덬..눈물이 흐르는구나
동물의숲,N년만에 튀동숲 틀어봤더니 햄스틴이..
방탄소년단,지민이 웃고있다가 얼떨결에 공 받았어
왕이보,ㅇㅇㅂ 레고로도 달고나 커피를 ㅋㅋㅋㅋ
방탄소년단,달고나찜 존나 웃긴게 본인이 컨텐츠 만들어놓고서 현타옴ㅋㅋㅋㅋ
케이돌토크,슴돌덬인 내친구 슴이 사람이라면 손등을 자로 때리고싶대
뉴이스트,저 노래가사뭐엿지? 모나리자?
ARASHI,"난 지금부터 오늘은 안녕을 볼거야,,,"
스토브리그,덬들은 언제부터 작가님 찐이구나..! 찐 휴머니스트구나 느꼈어?
일상토크,덬들 나 재수학원 있는 친구한테 택배 보낼건데 반 모르면 못보내지..?
코로나19,생활방역으로 가려면 모든 업종 고강도 방역 실시 해야됨
드영배,근데 이 때 정훈이도 차 안에서 조금씩 풀리는 거 느껴지지 않음?
케이돌토크,몬엑이랑 뉴이스트는 멜론 진입은 어떰?
케이돌토크,20대 중반 남동생이 빨래를 너무 못하는데 이거 보통이야?
스토브리그,꼴지팀 10승투수 트레이드
케이돌토크,난 은숙드 오스트도 너무 무섭닼ㅋㅋㅋㅋㅋ
케이돌토크,투바투 안무 스포한거 뭔가 까리해보였어
비엘,한주원 대사 진짜 장난없다 (*´?`*)
진영(GOT7),청순선배ㅠㅠㅠㅠㅠㅠㅠㅠㅠㅠㅠㅠㅠㅠㅠㅠㅠㅠㅠㅠㅠ
케이돌토크,엔시티 월간든거 신기해
일상토크,아침 7시30분이면 투표하는 사람 많을까
골든차일드,나 내눈의 최애덬..눈물이 흐르는구나
동물의숲,N년만에 튀동숲 틀어봤더니 햄스틴이..
방탄소년단,지민이 웃고있다가 얼떨결에 공 받았어
왕이보,ㅇㅇㅂ 레고로도 달고나 커피를 ㅋㅋㅋㅋ
방탄소년단,달고나찜 존나 웃긴게 본인이 컨텐츠 만들어놓고서 현타옴ㅋㅋㅋㅋ
케이돌토크,슴돌덬인 내친구 슴이 사람이라면 손등을 자로 때리고싶대
뉴이스트,저 노래가사뭐엿지? 모나리자?
ARASHI,"난 지금부터 오늘은 안녕을 볼거야,,,"
스토브리그,덬들은 언제부터 작가님 찐이구나..! 찐 휴머니스트구나 느꼈어?
일상토크,덬들 나 재수학원 있는 친구한테 택배 보낼건데 반 모르면 못보내지..?
코로나19,생활방역으로 가려면 모든 업종 고강도 방역 실시 해야됨
드영배,근데 이 때 정훈이도 차 안에서 조금씩 풀리는 거 느껴지지 않음?
케이돌토크,몬엑이랑 뉴이스트는 멜론 진입은 어떰?
케이돌토크,20대 중반 남동생이 빨래를 너무 못하는데 이거 보통이야?
스토브리그,꼴지팀 10승투수 트레이드
케이돌토크,투바투 안무 스포한거 뭔가 까리해보였어
비엘,한주원 대사 진짜 장난없다 (*´?`*)
진영(GOT7),청순선배ㅠㅠㅠㅠㅠㅠㅠㅠㅠㅠㅠㅠㅠㅠㅠㅠㅠㅠㅠㅠㅠ
케이돌토크,엔시티 월간든거 신기해
일상토크,아침 7시30분이면 투표하는 사람 많을까
골든차일드,나 내눈의 최애덬..눈물이 흐르는구나
동물의숲,N년만에 튀동숲 틀어봤더니 햄스틴이..
방탄소년단,지민이 웃고있다가 얼떨결에 공 받았어
왕이보,ㅇㅇㅂ 레고로도 달고나 커피를 ㅋㅋㅋㅋ
방탄소년단,달고나찜 존나 웃긴게 본인이 컨텐츠 만들어놓고서 현타옴ㅋㅋㅋㅋ
케이돌토크,슴돌덬인 내친구 슴이 사람이라면 손등을 자로 때리고싶대
뉴이스트,저 노래가사뭐엿지? 모나리자?
ARASHI,"난 지금부터 오늘은 안녕을 볼거야,,,"
스토브리그,덬들은 언제부터 작가님 찐이구나..! 찐 휴머니스트구나 느꼈어?
일상토크,덬들 나 재수학원 있는 친구한테 택배 보낼건데 반 모르면 못보내지..?
코로나19,생활방역으로 가려면 모든 업종 고강도 방역 실시 해야됨
드영배,근데 이 때 정훈이도 차 안에서 조금씩 풀리는 거 느껴지지 않음?
케이돌토크,몬엑이랑 뉴이스트는 멜론 진입은 어떰?
케이돌토크,20대 중반 남동생이 빨래를 너무 못하는데 이거 보통이야?
스토브리그,꼴지팀 10승투수 트레이드
동물의숲,동숲 최고미녀는
케이돌토크,오 에핑 아직까지 1위네
케이돌토크,투바투 안무 스포한거 뭔가 까리해보였어
비엘,한주원 대사 진짜 장난없다 (*´?`*)
진영(GOT7),청순선배ㅠㅠㅠㅠㅠㅠㅠㅠㅠㅠㅠㅠㅠㅠㅠㅠㅠㅠㅠㅠㅠ
케이돌토크,엔시티 월간든거 신기해
일상토크,아침 7시30분이면 투표하는 사람 많을까
골든차일드,나 내눈의 최애덬..눈물이 흐르는구나
동물의숲,N년만에 튀동숲 틀어봤더니 햄스틴이..
방탄소년단,지민이 웃고있다가 얼떨결에 공 받았어
왕이보,ㅇㅇㅂ 레고로도 달고나 커피를 ㅋㅋㅋㅋ
방탄소년단,달고나찜 존나 웃긴게 본인이 컨텐츠 만들어놓고서 현타옴ㅋㅋㅋㅋ
케이돌토크,슴돌덬인 내친구 슴이 사람이라면 손등을 자로 때리고싶대
뉴이스트,저 노래가사뭐엿지? 모나리자?
ARASHI,"난 지금부터 오늘은 안녕을 볼거야,,,"
스토브리그,덬들은 언제부터 작가님 찐이구나..! 찐 휴머니스트구나 느꼈어?
일상토크,덬들 나 재수학원 있는 친구한테 택배 보낼건데 반 모르면 못보내지..?
코로나19,생활방역으로 가려면 모든 업종 고강도 방역 실시 해야됨
드영배,근데 이 때 정훈이도 차 안에서 조금씩 풀리는 거 느껴지지 않음?
케이돌토크,몬엑이랑 뉴이스트는 멜론 진입은 어떰?
동물의숲,동숲 최고미녀는
케이돌토크,오 에핑 아직까지 1위네
케이돌토크,투바투 안무 스포한거 뭔가 까리해보였어
비엘,한주원 대사 진짜 장난없다 (*´?`*)
진영(GOT7),청순선배ㅠㅠㅠㅠㅠㅠㅠㅠㅠㅠㅠㅠㅠㅠㅠㅠㅠㅠㅠㅠㅠ
케이돌토크,엔시티 월간든거 신기해
일상토크,아침 7시30분이면 투표하는 사람 많을까
골든차일드,나 내눈의 최애덬..눈물이 흐르는구나
동물의숲,N년만에 튀동숲 틀어봤더니 햄스틴이..
방탄소년단,지민이 웃고있다가 얼떨결에 공 받았어
왕이보,ㅇㅇㅂ 레고로도 달고나 커피를 ㅋㅋㅋㅋ
방탄소년단,달고나찜 존나 웃긴게 본인이 컨텐츠 만들어놓고서 현타옴ㅋㅋㅋㅋ
케이돌토크,슴돌덬인 내친구 슴이 사람이라면 손등을 자로 때리고싶대
뉴이스트,저 노래가사뭐엿지? 모나리자?
ARASHI,"난 지금부터 오늘은 안녕을 볼거야,,,"
스토브리그,덬들은 언제부터 작가님 찐이구나..! 찐 휴머니스트구나 느꼈어?
일상토크,덬들 나 재수학원 있는 친구한테 택배 보낼건데 반 모르면 못보내지..?
코로나19,생활방역으로 가려면 모든 업종 고강도 방역 실시 해야됨
드영배,근데 이 때 정훈이도 차 안에서 조금씩 풀리는 거 느껴지지 않음?
케이돌토크,몬엑이랑 뉴이스트는 멜론 진입은 어떰?
동물의숲,동숲 최고미녀는
케이돌토크,오 에핑 아직까지 1위네
케이돌토크,투바투 안무 스포한거 뭔가 까리해보였어
비엘,한주원 대사 진짜 장난없다 (*´?`*)
진영(GOT7),청순선배ㅠㅠㅠㅠㅠㅠㅠㅠㅠㅠㅠㅠㅠㅠㅠㅠㅠㅠㅠㅠㅠ
케이돌토크,엔시티 월간든거 신기해
일상토크,아침 7시30분이면 투표하는 사람 많을까
골든차일드,나 내눈의 최애덬..눈물이 흐르는구나
동물의숲,N년만에 튀동숲 틀어봤더니 햄스틴이..
방탄소년단,지민이 웃고있다가 얼떨결에 공 받았어
왕이보,ㅇㅇㅂ 레고로도 달고나 커피를 ㅋㅋㅋㅋ
방탄소년단,달고나찜 존나 웃긴게 본인이 컨텐츠 만들어놓고서 현타옴ㅋㅋㅋㅋ
케이돌토크,슴돌덬인 내친구 슴이 사람이라면 손등을 자로 때리고싶대
뉴이스트,저 노래가사뭐엿지? 모나리자?
ARASHI,"난 지금부터 오늘은 안녕을 볼거야,,,"
스토브리그,덬들은 언제부터 작가님 찐이구나..! 찐 휴머니스트구나 느꼈어?
일상토크,덬들 나 재수학원 있는 친구한테 택배 보낼건데 반 모르면 못보내지..?
코로나19,생활방역으로 가려면 모든 업종 고강도 방역 실시 해야됨
드영배,근데 이 때 정훈이도 차 안에서 조금씩 풀리는 거 느껴지지 않음?
케이돌토크,몬엑이랑 뉴이스트는 멜론 진입은 어떰?
케이돌토크,투바투 이번컴백 진심 기대된다
동물의숲,동숲 최고미녀는
케이돌토크,오 에핑 아직까지 1위네
케이돌토크,투바투 안무 스포한거 뭔가 까리해보였어
비엘,한주원 대사 진짜 장난없다 (*´?`*)
진영(GOT7),청순선배ㅠㅠㅠㅠㅠㅠㅠㅠㅠㅠㅠㅠㅠㅠㅠㅠㅠㅠㅠㅠㅠ
케이돌토크,엔시티 월간든거 신기해
일상토크,아침 7시30분이면 투표하는 사람 많을까
골든차일드,나 내눈의 최애덬..눈물이 흐르는구나
동물의숲,N년만에 튀동숲 틀어봤더니 햄스틴이..
방탄소년단,지민이 웃고있다가 얼떨결에 공 받았어
왕이보,ㅇㅇㅂ 레고로도 달고나 커피를 ㅋㅋㅋㅋ
방탄소년단,달고나찜 존나 웃긴게 본인이 컨텐츠 만들어놓고서 현타옴ㅋㅋㅋㅋ
케이돌토크,슴돌덬인 내친구 슴이 사람이라면 손등을 자로 때리고싶대
뉴이스트,저 노래가사뭐엿지? 모나리자?
ARASHI,"난 지금부터 오늘은 안녕을 볼거야,,,"
스토브리그,덬들은 언제부터 작가님 찐이구나..! 찐 휴머니스트구나 느꼈어?
일상토크,덬들 나 재수학원 있는 친구한테 택배 보낼건데 반 모르면 못보내지..?
코로나19,생활방역으로 가려면 모든 업종 고강도 방역 실시 해야됨
드영배,근데 이 때 정훈이도 차 안에서 조금씩 풀리는 거 느껴지지 않음?
케이돌토크,투바투 이번컴백 진심 기대된다
동물의숲,동숲 최고미녀는
케이돌토크,오 에핑 아직까지 1위네
케이돌토크,투바투 안무 스포한거 뭔가 까리해보였어
비엘,한주원 대사 진짜 장난없다 (*´?`*)
진영(GOT7),청순선배ㅠㅠㅠㅠㅠㅠㅠㅠㅠㅠㅠㅠㅠㅠㅠㅠㅠㅠㅠㅠㅠ
케이돌토크,엔시티 월간든거 신기해
일상토크,아침 7시30분이면 투표하는 사람 많을까
골든차일드,나 내눈의 최애덬..눈물이 흐르는구나
동물의숲,N년만에 튀동숲 틀어봤더니 햄스틴이..
방탄소년단,지민이 웃고있다가 얼떨결에 공 받았어
왕이보,ㅇㅇㅂ 레고로도 달고나 커피를 ㅋㅋㅋㅋ
방탄소년단,달고나찜 존나 웃긴게 본인이 컨텐츠 만들어놓고서 현타옴ㅋㅋㅋㅋ
케이돌토크,슴돌덬인 내친구 슴이 사람이라면 손등을 자로 때리고싶대
뉴이스트,저 노래가사뭐엿지? 모나리자?
ARASHI,"난 지금부터 오늘은 안녕을 볼거야,,,"
스토브리그,덬들은 언제부터 작가님 찐이구나..! 찐 휴머니스트구나 느꼈어?
일상토크,덬들 나 재수학원 있는 친구한테 택배 보낼건데 반 모르면 못보내지..?
코로나19,생활방역으로 가려면 모든 업종 고강도 방역 실시 해야됨
드영배,근데 이 때 정훈이도 차 안에서 조금씩 풀리는 거 느껴지지 않음?
케이돌토크,투바투 이번컴백 진심 기대된다
동물의숲,동숲 최고미녀는
케이돌토크,오 에핑 아직까지 1위네
케이돌토크,투바투 안무 스포한거 뭔가 까리해보였어
비엘,한주원 대사 진짜 장난없다 (*´?`*)
진영(GOT7),청순선배ㅠㅠㅠㅠㅠㅠㅠㅠㅠㅠㅠㅠㅠㅠㅠㅠㅠㅠㅠㅠㅠ
케이돌토크,엔시티 월간든거 신기해
일상토크,아침 7시30분이면 투표하는 사람 많을까
골든차일드,나 내눈의 최애덬..눈물이 흐르는구나
동물의숲,N년만에 튀동숲 틀어봤더니 햄스틴이..
방탄소년단,지민이 웃고있다가 얼떨결에 공 받았어
왕이보,ㅇㅇㅂ 레고로도 달고나 커피를 ㅋㅋㅋㅋ
방탄소년단,달고나찜 존나 웃긴게 본인이 컨텐츠 만들어놓고서 현타옴ㅋㅋㅋㅋ
케이돌토크,슴돌덬인 내친구 슴이 사람이라면 손등을 자로 때리고싶대
뉴이스트,저 노래가사뭐엿지? 모나리자?
ARASHI,"난 지금부터 오늘은 안녕을 볼거야,,,"
스토브리그,덬들은 언제부터 작가님 찐이구나..! 찐 휴머니스트구나 느꼈어?
일상토크,덬들 나 재수학원 있는 친구한테 택배 보낼건데 반 모르면 못보내지..?
코로나19,생활방역으로 가려면 모든 업종 고강도 방역 실시 해야됨
드영배,근데 이 때 정훈이도 차 안에서 조금씩 풀리는 거 느껴지지 않음?
케이돌토크,투바투 이번컴백 진심 기대된다
동물의숲,동숲 최고미녀는
케이돌토크,오 에핑 아직까지 1위네
케이돌토크,투바투 안무 스포한거 뭔가 까리해보였어
비엘,한주원 대사 진짜 장난없다 (*´?`*)
진영(GOT7),청순선배ㅠㅠㅠㅠㅠㅠㅠㅠㅠㅠㅠㅠㅠㅠㅠㅠㅠㅠㅠㅠㅠ
케이돌토크,엔시티 월간든거 신기해
일상토크,아침 7시30분이면 투표하는 사람 많을까
골든차일드,나 내눈의 최애덬..눈물이 흐르는구나
동물의숲,N년만에 튀동숲 틀어봤더니 햄스틴이..
방탄소년단,지민이 웃고있다가 얼떨결에 공 받았어
왕이보,ㅇㅇㅂ 레고로도 달고나 커피를 ㅋㅋㅋㅋ
방탄소년단,달고나찜 존나 웃긴게 본인이 컨텐츠 만들어놓고서 현타옴ㅋㅋㅋㅋ
케이돌토크,슴돌덬인 내친구 슴이 사람이라면 손등을 자로 때리고싶대
뉴이스트,저 노래가사뭐엿지? 모나리자?
ARASHI,"난 지금부터 오늘은 안녕을 볼거야,,,"
스토브리그,덬들은 언제부터 작가님 찐이구나..! 찐 휴머니스트구나 느꼈어?
일상토크,덬들 나 재수학원 있는 친구한테 택배 보낼건데 반 모르면 못보내지..?
코로나19,생활방역으로 가려면 모든 업종 고강도 방역 실시 해야됨
드영배,근데 이 때 정훈이도 차 안에서 조금씩 풀리는 거 느껴지지 않음?
케이돌토크,투바투 이번컴백 진심 기대된다
동물의숲,동숲 최고미녀는
케이돌토크,오 에핑 아직까지 1위네
케이돌토크,투바투 안무 스포한거 뭔가 까리해보였어
비엘,한주원 대사 진짜 장난없다 (*´?`*)
진영(GOT7),청순선배ㅠㅠㅠㅠㅠㅠㅠㅠㅠㅠㅠㅠㅠㅠㅠㅠㅠㅠㅠㅠㅠ
케이돌토크,엔시티 월간든거 신기해
일상토크,아침 7시30분이면 투표하는 사람 많을까
골든차일드,나 내눈의 최애덬..눈물이 흐르는구나
동물의숲,N년만에 튀동숲 틀어봤더니 햄스틴이..
방탄소년단,지민이 웃고있다가 얼떨결에 공 받았어
왕이보,ㅇㅇㅂ 레고로도 달고나 커피를 ㅋㅋㅋㅋ
방탄소년단,달고나찜 존나 웃긴게 본인이 컨텐츠 만들어놓고서 현타옴ㅋㅋㅋㅋ
케이돌토크,슴돌덬인 내친구 슴이 사람이라면 손등을 자로 때리고싶대
뉴이스트,저 노래가사뭐엿지? 모나리자?
ARASHI,"난 지금부터 오늘은 안녕을 볼거야,,,"
스토브리그,덬들은 언제부터 작가님 찐이구나..! 찐 휴머니스트구나 느꼈어?
일상토크,덬들 나 재수학원 있는 친구한테 택배 보낼건데 반 모르면 못보내지..?
코로나19,생활방역으로 가려면 모든 업종 고강도 방역 실시 해야됨
드영배,근데 이 때 정훈이도 차 안에서 조금씩 풀리는 거 느껴지지 않음?
한승우,너무조아
케이돌토크,투바투 이번컴백 진심 기대된다
동물의숲,동숲 최고미녀는
케이돌토크,오 에핑 아직까지 1위네
케이돌토크,투바투 안무 스포한거 뭔가 까리해보였어
비엘,한주원 대사 진짜 장난없다 (*´?`*)
진영(GOT7),청순선배ㅠㅠㅠㅠㅠㅠㅠㅠㅠㅠㅠㅠㅠㅠㅠㅠㅠㅠㅠㅠㅠ
케이돌토크,엔시티 월간든거 신기해
일상토크,아침 7시30분이면 투표하는 사람 많을까
골든차일드,나 내눈의 최애덬..눈물이 흐르는구나
동물의숲,N년만에 튀동숲 틀어봤더니 햄스틴이..
방탄소년단,지민이 웃고있다가 얼떨결에 공 받았어
왕이보,ㅇㅇㅂ 레고로도 달고나 커피를 ㅋㅋㅋㅋ
방탄소년단,달고나찜 존나 웃긴게 본인이 컨텐츠 만들어놓고서 현타옴ㅋㅋㅋㅋ
케이돌토크,슴돌덬인 내친구 슴이 사람이라면 손등을 자로 때리고싶대
뉴이스트,저 노래가사뭐엿지? 모나리자?
ARASHI,"난 지금부터 오늘은 안녕을 볼거야,,,"
스토브리그,덬들은 언제부터 작가님 찐이구나..! 찐 휴머니스트구나 느꼈어?
일상토크,덬들 나 재수학원 있는 친구한테 택배 보낼건데 반 모르면 못보내지..?
코로나19,생활방역으로 가려면 모든 업종 고강도 방역 실시 해야됨
한승우,너무조아
케이돌토크,투바투 이번컴백 진심 기대된다
동물의숲,동숲 최고미녀는
케이돌토크,오 에핑 아직까지 1위네
케이돌토크,투바투 안무 스포한거 뭔가 까리해보였어
비엘,한주원 대사 진짜 장난없다 (*´?`*)
진영(GOT7),청순선배ㅠㅠㅠㅠㅠㅠㅠㅠㅠㅠㅠㅠㅠㅠㅠㅠㅠㅠㅠㅠㅠ
케이돌토크,엔시티 월간든거 신기해
일상토크,아침 7시30분이면 투표하는 사람 많을까
골든차일드,나 내눈의 최애덬..눈물이 흐르는구나
동물의숲,N년만에 튀동숲 틀어봤더니 햄스틴이..
방탄소년단,지민이 웃고있다가 얼떨결에 공 받았어
왕이보,ㅇㅇㅂ 레고로도 달고나 커피를 ㅋㅋㅋㅋ
방탄소년단,달고나찜 존나 웃긴게 본인이 컨텐츠 만들어놓고서 현타옴ㅋㅋㅋㅋ
케이돌토크,슴돌덬인 내친구 슴이 사람이라면 손등을 자로 때리고싶대
뉴이스트,저 노래가사뭐엿지? 모나리자?
ARASHI,"난 지금부터 오늘은 안녕을 볼거야,,,"
스토브리그,덬들은 언제부터 작가님 찐이구나..! 찐 휴머니스트구나 느꼈어?
일상토크,덬들 나 재수학원 있는 친구한테 택배 보낼건데 반 모르면 못보내지..?
코로나19,생활방역으로 가려면 모든 업종 고강도 방역 실시 해야됨
한승우,너무조아
케이돌토크,투바투 이번컴백 진심 기대된다
동물의숲,동숲 최고미녀는
케이돌토크,오 에핑 아직까지 1위네
케이돌토크,투바투 안무 스포한거 뭔가 까리해보였어
비엘,한주원 대사 진짜 장난없다 (*´?`*)
진영(GOT7),청순선배ㅠㅠㅠㅠㅠㅠㅠㅠㅠㅠㅠㅠㅠㅠㅠㅠㅠㅠㅠㅠㅠ
케이돌토크,엔시티 월간든거 신기해
일상토크,아침 7시30분이면 투표하는 사람 많을까
골든차일드,나 내눈의 최애덬..눈물이 흐르는구나
동물의숲,N년만에 튀동숲 틀어봤더니 햄스틴이..
방탄소년단,지민이 웃고있다가 얼떨결에 공 받았어
왕이보,ㅇㅇㅂ 레고로도 달고나 커피를 ㅋㅋㅋㅋ
방탄소년단,달고나찜 존나 웃긴게 본인이 컨텐츠 만들어놓고서 현타옴ㅋㅋㅋㅋ
케이돌토크,슴돌덬인 내친구 슴이 사람이라면 손등을 자로 때리고싶대
뉴이스트,저 노래가사뭐엿지? 모나리자?
ARASHI,"난 지금부터 오늘은 안녕을 볼거야,,,"
스토브리그,덬들은 언제부터 작가님 찐이구나..! 찐 휴머니스트구나 느꼈어?
일상토크,덬들 나 재수학원 있는 친구한테 택배 보낼건데 반 모르면 못보내지..?
코로나19,생활방역으로 가려면 모든 업종 고강도 방역 실시 해야됨
드영배,"하진이는 반말 그만하려고 ""안되겠다, 포기"" 이러는데 정훈이는 그거 모르고 그대로 반말로 ""드라마 포기한다고?"""
한승우,너무조아
케이돌토크,투바투 이번컴백 진심 기대된다
동물의숲,동숲 최고미녀는
케이돌토크,오 에핑 아직까지 1위네
케이돌토크,투바투 안무 스포한거 뭔가 까리해보였어
비엘,한주원 대사 진짜 장난없다 (*´?`*)
진영(GOT7),청순선배ㅠㅠㅠㅠㅠㅠㅠㅠㅠㅠㅠㅠㅠㅠㅠㅠㅠㅠㅠㅠㅠ
케이돌토크,엔시티 월간든거 신기해
일상토크,아침 7시30분이면 투표하는 사람 많을까
골든차일드,나 내눈의 최애덬..눈물이 흐르는구나
동물의숲,N년만에 튀동숲 틀어봤더니 햄스틴이..
방탄소년단,지민이 웃고있다가 얼떨결에 공 받았어
왕이보,ㅇㅇㅂ 레고로도 달고나 커피를 ㅋㅋㅋㅋ
방탄소년단,달고나찜 존나 웃긴게 본인이 컨텐츠 만들어놓고서 현타옴ㅋㅋㅋㅋ
케이돌토크,슴돌덬인 내친구 슴이 사람이라면 손등을 자로 때리고싶대
뉴이스트,저 노래가사뭐엿지? 모나리자?
ARASHI,"난 지금부터 오늘은 안녕을 볼거야,,,"
스토브리그,덬들은 언제부터 작가님 찐이구나..! 찐 휴머니스트구나 느꼈어?
일상토크,덬들 나 재수학원 있는 친구한테 택배 보낼건데 반 모르면 못보내지..?
드영배,"하진이는 반말 그만하려고 ""안되겠다, 포기"" 이러는데 정훈이는 그거 모르고 그대로 반말로 ""드라마 포기한다고?"""
한승우,너무조아
케이돌토크,투바투 이번컴백 진심 기대된다
동물의숲,동숲 최고미녀는
케이돌토크,오 에핑 아직까지 1위네
케이돌토크,투바투 안무 스포한거 뭔가 까리해보였어
비엘,한주원 대사 진짜 장난없다 (*´?`*)
진영(GOT7),청순선배ㅠㅠㅠㅠㅠㅠㅠㅠㅠㅠㅠㅠㅠㅠㅠㅠㅠㅠㅠㅠㅠ
케이돌토크,엔시티 월간든거 신기해
일상토크,아침 7시30분이면 투표하는 사람 많을까
골든차일드,나 내눈의 최애덬..눈물이 흐르는구나
동물의숲,N년만에 튀동숲 틀어봤더니 햄스틴이..
방탄소년단,지민이 웃고있다가 얼떨결에 공 받았어
왕이보,ㅇㅇㅂ 레고로도 달고나 커피를 ㅋㅋㅋㅋ
방탄소년단,달고나찜 존나 웃긴게 본인이 컨텐츠 만들어놓고서 현타옴ㅋㅋㅋㅋ
케이돌토크,슴돌덬인 내친구 슴이 사람이라면 손등을 자로 때리고싶대
뉴이스트,저 노래가사뭐엿지? 모나리자?
ARASHI,"난 지금부터 오늘은 안녕을 볼거야,,,"
스토브리그,덬들은 언제부터 작가님 찐이구나..! 찐 휴머니스트구나 느꼈어?
일상토크,덬들 나 재수학원 있는 친구한테 택배 보낼건데 반 모르면 못보내지..?
케이돌토크,돌판 4대초동ㅋㅋㅋㅋㅋㅋㅋㅋㅋㅋㅋㅋㅋㅋㅋㅋ
드영배,"하진이는 반말 그만하려고 ""안되겠다, 포기"" 이러는데 정훈이는 그거 모르고 그대로 반말로 ""드라마 포기한다고?"""
한승우,너무조아
케이돌토크,투바투 이번컴백 진심 기대된다
동물의숲,동숲 최고미녀는
케이돌토크,오 에핑 아직까지 1위네
케이돌토크,투바투 안무 스포한거 뭔가 까리해보였어
비엘,한주원 대사 진짜 장난없다 (*´?`*)
진영(GOT7),청순선배ㅠㅠㅠㅠㅠㅠㅠㅠㅠㅠㅠㅠㅠㅠㅠㅠㅠㅠㅠㅠㅠ
케이돌토크,엔시티 월간든거 신기해
일상토크,아침 7시30분이면 투표하는 사람 많을까
골든차일드,나 내눈의 최애덬..눈물이 흐르는구나
동물의숲,N년만에 튀동숲 틀어봤더니 햄스틴이..
방탄소년단,지민이 웃고있다가 얼떨결에 공 받았어
왕이보,ㅇㅇㅂ 레고로도 달고나 커피를 ㅋㅋㅋㅋ
방탄소년단,달고나찜 존나 웃긴게 본인이 컨텐츠 만들어놓고서 현타옴ㅋㅋㅋㅋ
케이돌토크,슴돌덬인 내친구 슴이 사람이라면 손등을 자로 때리고싶대
뉴이스트,저 노래가사뭐엿지? 모나리자?
ARASHI,"난 지금부터 오늘은 안녕을 볼거야,,,"
스토브리그,덬들은 언제부터 작가님 찐이구나..! 찐 휴머니스트구나 느꼈어?
케이돌토크,돌판 4대초동ㅋㅋㅋㅋㅋㅋㅋㅋㅋㅋㅋㅋㅋㅋㅋㅋ
드영배,"하진이는 반말 그만하려고 ""안되겠다, 포기"" 이러는데 정훈이는 그거 모르고 그대로 반말로 ""드라마 포기한다고?"""
한승우,너무조아
케이돌토크,투바투 이번컴백 진심 기대된다
동물의숲,동숲 최고미녀는
케이돌토크,오 에핑 아직까지 1위네
케이돌토크,투바투 안무 스포한거 뭔가 까리해보였어
비엘,한주원 대사 진짜 장난없다 (*´?`*)
진영(GOT7),청순선배ㅠㅠㅠㅠㅠㅠㅠㅠㅠㅠㅠㅠㅠㅠㅠㅠㅠㅠㅠㅠㅠ
케이돌토크,엔시티 월간든거 신기해
일상토크,아침 7시30분이면 투표하는 사람 많을까
골든차일드,나 내눈의 최애덬..눈물이 흐르는구나
동물의숲,N년만에 튀동숲 틀어봤더니 햄스틴이..
방탄소년단,지민이 웃고있다가 얼떨결에 공 받았어
왕이보,ㅇㅇㅂ 레고로도 달고나 커피를 ㅋㅋㅋㅋ
방탄소년단,달고나찜 존나 웃긴게 본인이 컨텐츠 만들어놓고서 현타옴ㅋㅋㅋㅋ
케이돌토크,슴돌덬인 내친구 슴이 사람이라면 손등을 자로 때리고싶대
뉴이스트,저 노래가사뭐엿지? 모나리자?
ARASHI,"난 지금부터 오늘은 안녕을 볼거야,,,"
스토브리그,덬들은 언제부터 작가님 찐이구나..! 찐 휴머니스트구나 느꼈어?
케이돌토크,돌판 4대초동ㅋㅋㅋㅋㅋㅋㅋㅋㅋㅋㅋㅋㅋㅋㅋㅋ
드영배,"하진이는 반말 그만하려고 ""안되겠다, 포기"" 이러는데 정훈이는 그거 모르고 그대로 반말로 ""드라마 포기한다고?"""
한승우,너무조아
케이돌토크,투바투 이번컴백 진심 기대된다
동물의숲,동숲 최고미녀는
케이돌토크,오 에핑 아직까지 1위네
케이돌토크,투바투 안무 스포한거 뭔가 까리해보였어
비엘,한주원 대사 진짜 장난없다 (*´?`*)
진영(GOT7),청순선배ㅠㅠㅠㅠㅠㅠㅠㅠㅠㅠㅠㅠㅠㅠㅠㅠㅠㅠㅠㅠㅠ
케이돌토크,엔시티 월간든거 신기해
일상토크,아침 7시30분이면 투표하는 사람 많을까
골든차일드,나 내눈의 최애덬..눈물이 흐르는구나
동물의숲,N년만에 튀동숲 틀어봤더니 햄스틴이..
방탄소년단,지민이 웃고있다가 얼떨결에 공 받았어
왕이보,ㅇㅇㅂ 레고로도 달고나 커피를 ㅋㅋㅋㅋ
방탄소년단,달고나찜 존나 웃긴게 본인이 컨텐츠 만들어놓고서 현타옴ㅋㅋㅋㅋ
케이돌토크,슴돌덬인 내친구 슴이 사람이라면 손등을 자로 때리고싶대
뉴이스트,저 노래가사뭐엿지? 모나리자?
ARASHI,"난 지금부터 오늘은 안녕을 볼거야,,,"
스토브리그,덬들은 언제부터 작가님 찐이구나..! 찐 휴머니스트구나 느꼈어?
케이돌토크,돌판 4대초동ㅋㅋㅋㅋㅋㅋㅋㅋㅋㅋㅋㅋㅋㅋㅋㅋ
드영배,"하진이는 반말 그만하려고 ""안되겠다, 포기"" 이러는데 정훈이는 그거 모르고 그대로 반말로 ""드라마 포기한다고?"""
한승우,너무조아
케이돌토크,투바투 이번컴백 진심 기대된다
동물의숲,동숲 최고미녀는
케이돌토크,오 에핑 아직까지 1위네
케이돌토크,투바투 안무 스포한거 뭔가 까리해보였어
비엘,한주원 대사 진짜 장난없다 (*´?`*)
진영(GOT7),청순선배ㅠㅠㅠㅠㅠㅠㅠㅠㅠㅠㅠㅠㅠㅠㅠㅠㅠㅠㅠㅠㅠ
케이돌토크,엔시티 월간든거 신기해
일상토크,아침 7시30분이면 투표하는 사람 많을까
골든차일드,나 내눈의 최애덬..눈물이 흐르는구나
동물의숲,N년만에 튀동숲 틀어봤더니 햄스틴이..
방탄소년단,지민이 웃고있다가 얼떨결에 공 받았어
왕이보,ㅇㅇㅂ 레고로도 달고나 커피를 ㅋㅋㅋㅋ
방탄소년단,달고나찜 존나 웃긴게 본인이 컨텐츠 만들어놓고서 현타옴ㅋㅋㅋㅋ
케이돌토크,슴돌덬인 내친구 슴이 사람이라면 손등을 자로 때리고싶대
뉴이스트,저 노래가사뭐엿지? 모나리자?
ARASHI,"난 지금부터 오늘은 안녕을 볼거야,,,"
스토브리그,덬들은 언제부터 작가님 찐이구나..! 찐 휴머니스트구나 느꼈어?
케이돌토크,돌판 4대초동ㅋㅋㅋㅋㅋㅋㅋㅋㅋㅋㅋㅋㅋㅋㅋㅋ
드영배,"하진이는 반말 그만하려고 ""안되겠다, 포기"" 이러는데 정훈이는 그거 모르고 그대로 반말로 ""드라마 포기한다고?"""
한승우,너무조아
케이돌토크,투바투 이번컴백 진심 기대된다
동물의숲,동숲 최고미녀는
케이돌토크,오 에핑 아직까지 1위네
케이돌토크,투바투 안무 스포한거 뭔가 까리해보였어
비엘,한주원 대사 진짜 장난없다 (*´?`*)
진영(GOT7),청순선배ㅠㅠㅠㅠㅠㅠㅠㅠㅠㅠㅠㅠㅠㅠㅠㅠㅠㅠㅠㅠㅠ
케이돌토크,엔시티 월간든거 신기해
일상토크,아침 7시30분이면 투표하는 사람 많을까
골든차일드,나 내눈의 최애덬..눈물이 흐르는구나
동물의숲,N년만에 튀동숲 틀어봤더니 햄스틴이..
방탄소년단,지민이 웃고있다가 얼떨결에 공 받았어
왕이보,ㅇㅇㅂ 레고로도 달고나 커피를 ㅋㅋㅋㅋ
방탄소년단,달고나찜 존나 웃긴게 본인이 컨텐츠 만들어놓고서 현타옴ㅋㅋㅋㅋ
케이돌토크,슴돌덬인 내친구 슴이 사람이라면 손등을 자로 때리고싶대
뉴이스트,저 노래가사뭐엿지? 모나리자?
ARASHI,"난 지금부터 오늘은 안녕을 볼거야,,,"
스토브리그,덬들은 언제부터 작가님 찐이구나..! 찐 휴머니스트구나 느꼈어?
케이돌토크,돌판 4대초동ㅋㅋㅋㅋㅋㅋㅋㅋㅋㅋㅋㅋㅋㅋㅋㅋ
드영배,"하진이는 반말 그만하려고 ""안되겠다, 포기"" 이러는데 정훈이는 그거 모르고 그대로 반말로 ""드라마 포기한다고?"""
한승우,너무조아
케이돌토크,투바투 이번컴백 진심 기대된다
동물의숲,동숲 최고미녀는
케이돌토크,오 에핑 아직까지 1위네
케이돌토크,투바투 안무 스포한거 뭔가 까리해보였어
비엘,한주원 대사 진짜 장난없다 (*´?`*)
진영(GOT7),청순선배ㅠㅠㅠㅠㅠㅠㅠㅠㅠㅠㅠㅠㅠㅠㅠㅠㅠㅠㅠㅠㅠ
케이돌토크,엔시티 월간든거 신기해
일상토크,아침 7시30분이면 투표하는 사람 많을까
골든차일드,나 내눈의 최애덬..눈물이 흐르는구나
동물의숲,N년만에 튀동숲 틀어봤더니 햄스틴이..
방탄소년단,지민이 웃고있다가 얼떨결에 공 받았어
왕이보,ㅇㅇㅂ 레고로도 달고나 커피를 ㅋㅋㅋㅋ
방탄소년단,달고나찜 존나 웃긴게 본인이 컨텐츠 만들어놓고서 현타옴ㅋㅋㅋㅋ
케이돌토크,슴돌덬인 내친구 슴이 사람이라면 손등을 자로 때리고싶대
뉴이스트,저 노래가사뭐엿지? 모나리자?
ARASHI,"난 지금부터 오늘은 안녕을 볼거야,,,"
스토브리그,덬들은 언제부터 작가님 찐이구나..! 찐 휴머니스트구나 느꼈어?
케이돌토크,돌판 4대초동ㅋㅋㅋㅋㅋㅋㅋㅋㅋㅋㅋㅋㅋㅋㅋㅋ
드영배,"하진이는 반말 그만하려고 ""안되겠다, 포기"" 이러는데 정훈이는 그거 모르고 그대로 반말로 ""드라마 포기한다고?"""
한승우,너무조아
케이돌토크,투바투 이번컴백 진심 기대된다
동물의숲,동숲 최고미녀는
케이돌토크,오 에핑 아직까지 1위네
케이돌토크,투바투 안무 스포한거 뭔가 까리해보였어
비엘,한주원 대사 진짜 장난없다 (*´?`*)
진영(GOT7),청순선배ㅠㅠㅠㅠㅠㅠㅠㅠㅠㅠㅠㅠㅠㅠㅠㅠㅠㅠㅠㅠㅠ
케이돌토크,엔시티 월간든거 신기해
일상토크,아침 7시30분이면 투표하는 사람 많을까
골든차일드,나 내눈의 최애덬..눈물이 흐르는구나
동물의숲,N년만에 튀동숲 틀어봤더니 햄스틴이..
방탄소년단,지민이 웃고있다가 얼떨결에 공 받았어
왕이보,ㅇㅇㅂ 레고로도 달고나 커피를 ㅋㅋㅋㅋ
방탄소년단,달고나찜 존나 웃긴게 본인이 컨텐츠 만들어놓고서 현타옴ㅋㅋㅋㅋ
케이돌토크,슴돌덬인 내친구 슴이 사람이라면 손등을 자로 때리고싶대
뉴이스트,저 노래가사뭐엿지? 모나리자?
ARASHI,"난 지금부터 오늘은 안녕을 볼거야,,,"
스토브리그,덬들은 언제부터 작가님 찐이구나..! 찐 휴머니스트구나 느꼈어?
케이돌토크,돌판 4대초동ㅋㅋㅋㅋㅋㅋㅋㅋㅋㅋㅋㅋㅋㅋㅋㅋ
드영배,"하진이는 반말 그만하려고 ""안되겠다, 포기"" 이러는데 정훈이는 그거 모르고 그대로 반말로 ""드라마 포기한다고?"""
한승우,너무조아
케이돌토크,투바투 이번컴백 진심 기대된다
동물의숲,동숲 최고미녀는
케이돌토크,오 에핑 아직까지 1위네
케이돌토크,투바투 안무 스포한거 뭔가 까리해보였어
비엘,한주원 대사 진짜 장난없다 (*´?`*)
진영(GOT7),청순선배ㅠㅠㅠㅠㅠㅠㅠㅠㅠㅠㅠㅠㅠㅠㅠㅠㅠㅠㅠㅠㅠ
케이돌토크,엔시티 월간든거 신기해
일상토크,아침 7시30분이면 투표하는 사람 많을까
골든차일드,나 내눈의 최애덬..눈물이 흐르는구나
동물의숲,N년만에 튀동숲 틀어봤더니 햄스틴이..
방탄소년단,지민이 웃고있다가 얼떨결에 공 받았어
왕이보,ㅇㅇㅂ 레고로도 달고나 커피를 ㅋㅋㅋㅋ
방탄소년단,달고나찜 존나 웃긴게 본인이 컨텐츠 만들어놓고서 현타옴ㅋㅋㅋㅋ
케이돌토크,슴돌덬인 내친구 슴이 사람이라면 손등을 자로 때리고싶대
뉴이스트,저 노래가사뭐엿지? 모나리자?
ARASHI,"난 지금부터 오늘은 안녕을 볼거야,,,"
스토브리그,덬들은 언제부터 작가님 찐이구나..! 찐 휴머니스트구나 느꼈어?
케이돌토크,돌판 4대초동ㅋㅋㅋㅋㅋㅋㅋㅋㅋㅋㅋㅋㅋㅋㅋㅋ
드영배,"하진이는 반말 그만하려고 ""안되겠다, 포기"" 이러는데 정훈이는 그거 모르고 그대로 반말로 ""드라마 포기한다고?"""
한승우,너무조아
케이돌토크,투바투 이번컴백 진심 기대된다
동물의숲,동숲 최고미녀는
케이돌토크,오 에핑 아직까지 1위네
케이돌토크,투바투 안무 스포한거 뭔가 까리해보였어
비엘,한주원 대사 진짜 장난없다 (*´?`*)
진영(GOT7),청순선배ㅠㅠㅠㅠㅠㅠㅠㅠㅠㅠㅠㅠㅠㅠㅠㅠㅠㅠㅠㅠㅠ
케이돌토크,엔시티 월간든거 신기해
일상토크,아침 7시30분이면 투표하는 사람 많을까
골든차일드,나 내눈의 최애덬..눈물이 흐르는구나
동물의숲,N년만에 튀동숲 틀어봤더니 햄스틴이..
방탄소년단,지민이 웃고있다가 얼떨결에 공 받았어
왕이보,ㅇㅇㅂ 레고로도 달고나 커피를 ㅋㅋㅋㅋ
방탄소년단,달고나찜 존나 웃긴게 본인이 컨텐츠 만들어놓고서 현타옴ㅋㅋㅋㅋ
케이돌토크,슴돌덬인 내친구 슴이 사람이라면 손등을 자로 때리고싶대
뉴이스트,저 노래가사뭐엿지? 모나리자?
ARASHI,"난 지금부터 오늘은 안녕을 볼거야,,,"
스토브리그,덬들은 언제부터 작가님 찐이구나..! 찐 휴머니스트구나 느꼈어?
메이플스토리,3홍조 완료~
케이돌토크,돌판 4대초동ㅋㅋㅋㅋㅋㅋㅋㅋㅋㅋㅋㅋㅋㅋㅋㅋ
드영배,"하진이는 반말 그만하려고 ""안되겠다, 포기"" 이러는데 정훈이는 그거 모르고 그대로 반말로 ""드라마 포기한다고?"""
한승우,너무조아
케이돌토크,투바투 이번컴백 진심 기대된다
동물의숲,동숲 최고미녀는
케이돌토크,오 에핑 아직까지 1위네
케이돌토크,투바투 안무 스포한거 뭔가 까리해보였어
비엘,한주원 대사 진짜 장난없다 (*´?`*)
진영(GOT7),청순선배ㅠㅠㅠㅠㅠㅠㅠㅠㅠㅠㅠㅠㅠㅠㅠㅠㅠㅠㅠㅠㅠ
케이돌토크,엔시티 월간든거 신기해
일상토크,아침 7시30분이면 투표하는 사람 많을까
골든차일드,나 내눈의 최애덬..눈물이 흐르는구나
동물의숲,N년만에 튀동숲 틀어봤더니 햄스틴이..
방탄소년단,지민이 웃고있다가 얼떨결에 공 받았어
왕이보,ㅇㅇㅂ 레고로도 달고나 커피를 ㅋㅋㅋㅋ
방탄소년단,달고나찜 존나 웃긴게 본인이 컨텐츠 만들어놓고서 현타옴ㅋㅋㅋㅋ
케이돌토크,슴돌덬인 내친구 슴이 사람이라면 손등을 자로 때리고싶대
뉴이스트,저 노래가사뭐엿지? 모나리자?
ARASHI,"난 지금부터 오늘은 안녕을 볼거야,,,"
정우(NCT),정프들아 안녕!!! 나 늦덕인데 이거 무슨짤인지 알수있을까?
메이플스토리,3홍조 완료~
케이돌토크,돌판 4대초동ㅋㅋㅋㅋㅋㅋㅋㅋㅋㅋㅋㅋㅋㅋㅋㅋ
드영배,"하진이는 반말 그만하려고 ""안되겠다, 포기"" 이러는데 정훈이는 그거 모르고 그대로 반말로 ""드라마 포기한다고?"""
한승우,너무조아
케이돌토크,투바투 이번컴백 진심 기대된다
동물의숲,동숲 최고미녀는
케이돌토크,오 에핑 아직까지 1위네
케이돌토크,투바투 안무 스포한거 뭔가 까리해보였어
비엘,한주원 대사 진짜 장난없다 (*´?`*)
진영(GOT7),청순선배ㅠㅠㅠㅠㅠㅠㅠㅠㅠㅠㅠㅠㅠㅠㅠㅠㅠㅠㅠㅠㅠ
케이돌토크,엔시티 월간든거 신기해
일상토크,아침 7시30분이면 투표하는 사람 많을까
골든차일드,나 내눈의 최애덬..눈물이 흐르는구나
동물의숲,N년만에 튀동숲 틀어봤더니 햄스틴이..
방탄소년단,지민이 웃고있다가 얼떨결에 공 받았어
왕이보,ㅇㅇㅂ 레고로도 달고나 커피를 ㅋㅋㅋㅋ
방탄소년단,달고나찜 존나 웃긴게 본인이 컨텐츠 만들어놓고서 현타옴ㅋㅋㅋㅋ
케이돌토크,슴돌덬인 내친구 슴이 사람이라면 손등을 자로 때리고싶대
뉴이스트,저 노래가사뭐엿지? 모나리자?
정우(NCT),정프들아 안녕!!! 나 늦덕인데 이거 무슨짤인지 알수있을까?
메이플스토리,3홍조 완료~
케이돌토크,돌판 4대초동ㅋㅋㅋㅋㅋㅋㅋㅋㅋㅋㅋㅋㅋㅋㅋㅋ
드영배,"하진이는 반말 그만하려고 ""안되겠다, 포기"" 이러는데 정훈이는 그거 모르고 그대로 반말로 ""드라마 포기한다고?"""
한승우,너무조아
케이돌토크,투바투 이번컴백 진심 기대된다
동물의숲,동숲 최고미녀는
케이돌토크,오 에핑 아직까지 1위네
케이돌토크,투바투 안무 스포한거 뭔가 까리해보였어
비엘,한주원 대사 진짜 장난없다 (*´?`*)
진영(GOT7),청순선배ㅠㅠㅠㅠㅠㅠㅠㅠㅠㅠㅠㅠㅠㅠㅠㅠㅠㅠㅠㅠㅠ
케이돌토크,엔시티 월간든거 신기해
일상토크,아침 7시30분이면 투표하는 사람 많을까
골든차일드,나 내눈의 최애덬..눈물이 흐르는구나
동물의숲,N년만에 튀동숲 틀어봤더니 햄스틴이..
방탄소년단,지민이 웃고있다가 얼떨결에 공 받았어
왕이보,ㅇㅇㅂ 레고로도 달고나 커피를 ㅋㅋㅋㅋ
방탄소년단,달고나찜 존나 웃긴게 본인이 컨텐츠 만들어놓고서 현타옴ㅋㅋㅋㅋ
케이돌토크,슴돌덬인 내친구 슴이 사람이라면 손등을 자로 때리고싶대
뉴이스트,저 노래가사뭐엿지? 모나리자?
정우(NCT),정프들아 안녕!!! 나 늦덕인데 이거 무슨짤인지 알수있을까?
메이플스토리,3홍조 완료~
케이돌토크,돌판 4대초동ㅋㅋㅋㅋㅋㅋㅋㅋㅋㅋㅋㅋㅋㅋㅋㅋ
드영배,"하진이는 반말 그만하려고 ""안되겠다, 포기"" 이러는데 정훈이는 그거 모르고 그대로 반말로 ""드라마 포기한다고?"""
한승우,너무조아
케이돌토크,투바투 이번컴백 진심 기대된다
동물의숲,동숲 최고미녀는
케이돌토크,오 에핑 아직까지 1위네
케이돌토크,투바투 안무 스포한거 뭔가 까리해보였어
비엘,한주원 대사 진짜 장난없다 (*´?`*)
진영(GOT7),청순선배ㅠㅠㅠㅠㅠㅠㅠㅠㅠㅠㅠㅠㅠㅠㅠㅠㅠㅠㅠㅠㅠ
케이돌토크,엔시티 월간든거 신기해
일상토크,아침 7시30분이면 투표하는 사람 많을까
골든차일드,나 내눈의 최애덬..눈물이 흐르는구나
동물의숲,N년만에 튀동숲 틀어봤더니 햄스틴이..
방탄소년단,지민이 웃고있다가 얼떨결에 공 받았어
왕이보,ㅇㅇㅂ 레고로도 달고나 커피를 ㅋㅋㅋㅋ
방탄소년단,달고나찜 존나 웃긴게 본인이 컨텐츠 만들어놓고서 현타옴ㅋㅋㅋㅋ
케이돌토크,슴돌덬인 내친구 슴이 사람이라면 손등을 자로 때리고싶대
뉴이스트,저 노래가사뭐엿지? 모나리자?
정우(NCT),정프들아 안녕!!! 나 늦덕인데 이거 무슨짤인지 알수있을까?
메이플스토리,3홍조 완료~
케이돌토크,돌판 4대초동ㅋㅋㅋㅋㅋㅋㅋㅋㅋㅋㅋㅋㅋㅋㅋㅋ
드영배,"하진이는 반말 그만하려고 ""안되겠다, 포기"" 이러는데 정훈이는 그거 모르고 그대로 반말로 ""드라마 포기한다고?"""
한승우,너무조아
케이돌토크,투바투 이번컴백 진심 기대된다
동물의숲,동숲 최고미녀는
케이돌토크,오 에핑 아직까지 1위네
케이돌토크,투바투 안무 스포한거 뭔가 까리해보였어
비엘,한주원 대사 진짜 장난없다 (*´?`*)
진영(GOT7),청순선배ㅠㅠㅠㅠㅠㅠㅠㅠㅠㅠㅠㅠㅠㅠㅠㅠㅠㅠㅠㅠㅠ
케이돌토크,엔시티 월간든거 신기해
일상토크,아침 7시30분이면 투표하는 사람 많을까
골든차일드,나 내눈의 최애덬..눈물이 흐르는구나
동물의숲,N년만에 튀동숲 틀어봤더니 햄스틴이..
방탄소년단,지민이 웃고있다가 얼떨결에 공 받았어
왕이보,ㅇㅇㅂ 레고로도 달고나 커피를 ㅋㅋㅋㅋ
방탄소년단,달고나찜 존나 웃긴게 본인이 컨텐츠 만들어놓고서 현타옴ㅋㅋㅋㅋ
케이돌토크,슴돌덬인 내친구 슴이 사람이라면 손등을 자로 때리고싶대
뉴이스트,저 노래가사뭐엿지? 모나리자?
정우(NCT),정프들아 안녕!!! 나 늦덕인데 이거 무슨짤인지 알수있을까?
메이플스토리,3홍조 완료~
케이돌토크,돌판 4대초동ㅋㅋㅋㅋㅋㅋㅋㅋㅋㅋㅋㅋㅋㅋㅋㅋ
드영배,"하진이는 반말 그만하려고 ""안되겠다, 포기"" 이러는데 정훈이는 그거 모르고 그대로 반말로 ""드라마 포기한다고?"""
한승우,너무조아
케이돌토크,투바투 이번컴백 진심 기대된다
동물의숲,동숲 최고미녀는
케이돌토크,오 에핑 아직까지 1위네
케이돌토크,투바투 안무 스포한거 뭔가 까리해보였어
비엘,한주원 대사 진짜 장난없다 (*´?`*)
진영(GOT7),청순선배ㅠㅠㅠㅠㅠㅠㅠㅠㅠㅠㅠㅠㅠㅠㅠㅠㅠㅠㅠㅠㅠ
케이돌토크,엔시티 월간든거 신기해
일상토크,아침 7시30분이면 투표하는 사람 많을까
골든차일드,나 내눈의 최애덬..눈물이 흐르는구나
동물의숲,N년만에 튀동숲 틀어봤더니 햄스틴이..
방탄소년단,지민이 웃고있다가 얼떨결에 공 받았어
왕이보,ㅇㅇㅂ 레고로도 달고나 커피를 ㅋㅋㅋㅋ
방탄소년단,달고나찜 존나 웃긴게 본인이 컨텐츠 만들어놓고서 현타옴ㅋㅋㅋㅋ
케이돌토크,슴돌덬인 내친구 슴이 사람이라면 손등을 자로 때리고싶대
뉴이스트,저 노래가사뭐엿지? 모나리자?
정우(NCT),정프들아 안녕!!! 나 늦덕인데 이거 무슨짤인지 알수있을까?
메이플스토리,3홍조 완료~
케이돌토크,돌판 4대초동ㅋㅋㅋㅋㅋㅋㅋㅋㅋㅋㅋㅋㅋㅋㅋㅋ
드영배,"하진이는 반말 그만하려고 ""안되겠다, 포기"" 이러는데 정훈이는 그거 모르고 그대로 반말로 ""드라마 포기한다고?"""
한승우,너무조아
케이돌토크,투바투 이번컴백 진심 기대된다
동물의숲,동숲 최고미녀는
케이돌토크,오 에핑 아직까지 1위네
케이돌토크,투바투 안무 스포한거 뭔가 까리해보였어
비엘,한주원 대사 진짜 장난없다 (*´?`*)
진영(GOT7),청순선배ㅠㅠㅠㅠㅠㅠㅠㅠㅠㅠㅠㅠㅠㅠㅠㅠㅠㅠㅠㅠㅠ
케이돌토크,엔시티 월간든거 신기해
일상토크,아침 7시30분이면 투표하는 사람 많을까
골든차일드,나 내눈의 최애덬..눈물이 흐르는구나
동물의숲,N년만에 튀동숲 틀어봤더니 햄스틴이..
방탄소년단,지민이 웃고있다가 얼떨결에 공 받았어
왕이보,ㅇㅇㅂ 레고로도 달고나 커피를 ㅋㅋㅋㅋ
방탄소년단,달고나찜 존나 웃긴게 본인이 컨텐츠 만들어놓고서 현타옴ㅋㅋㅋㅋ
케이돌토크,슴돌덬인 내친구 슴이 사람이라면 손등을 자로 때리고싶대
뉴이스트,저 노래가사뭐엿지? 모나리자?
정우(NCT),정프들아 안녕!!! 나 늦덕인데 이거 무슨짤인지 알수있을까?
메이플스토리,3홍조 완료~
케이돌토크,돌판 4대초동ㅋㅋㅋㅋㅋㅋㅋㅋㅋㅋㅋㅋㅋㅋㅋㅋ
드영배,"하진이는 반말 그만하려고 ""안되겠다, 포기"" 이러는데 정훈이는 그거 모르고 그대로 반말로 ""드라마 포기한다고?"""
한승우,너무조아
케이돌토크,투바투 이번컴백 진심 기대된다
동물의숲,동숲 최고미녀는
케이돌토크,오 에핑 아직까지 1위네
케이돌토크,투바투 안무 스포한거 뭔가 까리해보였어
비엘,한주원 대사 진짜 장난없다 (*´?`*)
진영(GOT7),청순선배ㅠㅠㅠㅠㅠㅠㅠㅠㅠㅠㅠㅠㅠㅠㅠㅠㅠㅠㅠㅠㅠ
케이돌토크,엔시티 월간든거 신기해
일상토크,아침 7시30분이면 투표하는 사람 많을까
골든차일드,나 내눈의 최애덬..눈물이 흐르는구나
동물의숲,N년만에 튀동숲 틀어봤더니 햄스틴이..
방탄소년단,지민이 웃고있다가 얼떨결에 공 받았어
왕이보,ㅇㅇㅂ 레고로도 달고나 커피를 ㅋㅋㅋㅋ
방탄소년단,달고나찜 존나 웃긴게 본인이 컨텐츠 만들어놓고서 현타옴ㅋㅋㅋㅋ
케이돌토크,슴돌덬인 내친구 슴이 사람이라면 손등을 자로 때리고싶대
뉴이스트,저 노래가사뭐엿지? 모나리자?
정우(NCT),정프들아 안녕!!! 나 늦덕인데 이거 무슨짤인지 알수있을까?
메이플스토리,3홍조 완료~
케이돌토크,돌판 4대초동ㅋㅋㅋㅋㅋㅋㅋㅋㅋㅋㅋㅋㅋㅋㅋㅋ
드영배,"하진이는 반말 그만하려고 ""안되겠다, 포기"" 이러는데 정훈이는 그거 모르고 그대로 반말로 ""드라마 포기한다고?"""
한승우,너무조아
케이돌토크,투바투 이번컴백 진심 기대된다
동물의숲,동숲 최고미녀는
케이돌토크,오 에핑 아직까지 1위네
케이돌토크,투바투 안무 스포한거 뭔가 까리해보였어
비엘,한주원 대사 진짜 장난없다 (*´?`*)
진영(GOT7),청순선배ㅠㅠㅠㅠㅠㅠㅠㅠㅠㅠㅠㅠㅠㅠㅠㅠㅠㅠㅠㅠㅠ
케이돌토크,엔시티 월간든거 신기해
일상토크,아침 7시30분이면 투표하는 사람 많을까
골든차일드,나 내눈의 최애덬..눈물이 흐르는구나
동물의숲,N년만에 튀동숲 틀어봤더니 햄스틴이..
방탄소년단,지민이 웃고있다가 얼떨결에 공 받았어
왕이보,ㅇㅇㅂ 레고로도 달고나 커피를 ㅋㅋㅋㅋ
방탄소년단,달고나찜 존나 웃긴게 본인이 컨텐츠 만들어놓고서 현타옴ㅋㅋㅋㅋ
케이돌토크,슴돌덬인 내친구 슴이 사람이라면 손등을 자로 때리고싶대
뉴이스트,저 노래가사뭐엿지? 모나리자?
정우(NCT),정프들아 안녕!!! 나 늦덕인데 이거 무슨짤인지 알수있을까?
메이플스토리,3홍조 완료~
케이돌토크,돌판 4대초동ㅋㅋㅋㅋㅋㅋㅋㅋㅋㅋㅋㅋㅋㅋㅋㅋ
드영배,"하진이는 반말 그만하려고 ""안되겠다, 포기"" 이러는데 정훈이는 그거 모르고 그대로 반말로 ""드라마 포기한다고?"""
한승우,너무조아
케이돌토크,투바투 이번컴백 진심 기대된다
동물의숲,동숲 최고미녀는
케이돌토크,오 에핑 아직까지 1위네
케이돌토크,투바투 안무 스포한거 뭔가 까리해보였어
비엘,한주원 대사 진짜 장난없다 (*´?`*)
진영(GOT7),청순선배ㅠㅠㅠㅠㅠㅠㅠㅠㅠㅠㅠㅠㅠㅠㅠㅠㅠㅠㅠㅠㅠ
케이돌토크,엔시티 월간든거 신기해
일상토크,아침 7시30분이면 투표하는 사람 많을까
골든차일드,나 내눈의 최애덬..눈물이 흐르는구나
동물의숲,N년만에 튀동숲 틀어봤더니 햄스틴이..
방탄소년단,지민이 웃고있다가 얼떨결에 공 받았어
왕이보,ㅇㅇㅂ 레고로도 달고나 커피를 ㅋㅋㅋㅋ
방탄소년단,달고나찜 존나 웃긴게 본인이 컨텐츠 만들어놓고서 현타옴ㅋㅋㅋㅋ
케이돌토크,슴돌덬인 내친구 슴이 사람이라면 손등을 자로 때리고싶대
뉴이스트,저 노래가사뭐엿지? 모나리자?
정우(NCT),정프들아 안녕!!! 나 늦덕인데 이거 무슨짤인지 알수있을까?
메이플스토리,3홍조 완료~
케이돌토크,돌판 4대초동ㅋㅋㅋㅋㅋㅋㅋㅋㅋㅋㅋㅋㅋㅋㅋㅋ
드영배,"하진이는 반말 그만하려고 ""안되겠다, 포기"" 이러는데 정훈이는 그거 모르고 그대로 반말로 ""드라마 포기한다고?"""
한승우,너무조아
케이돌토크,투바투 이번컴백 진심 기대된다
동물의숲,동숲 최고미녀는
케이돌토크,오 에핑 아직까지 1위네
케이돌토크,투바투 안무 스포한거 뭔가 까리해보였어
비엘,한주원 대사 진짜 장난없다 (*´?`*)
진영(GOT7),청순선배ㅠㅠㅠㅠㅠㅠㅠㅠㅠㅠㅠㅠㅠㅠㅠㅠㅠㅠㅠㅠㅠ
케이돌토크,엔시티 월간든거 신기해
일상토크,아침 7시30분이면 투표하는 사람 많을까
골든차일드,나 내눈의 최애덬..눈물이 흐르는구나
동물의숲,N년만에 튀동숲 틀어봤더니 햄스틴이..
방탄소년단,지민이 웃고있다가 얼떨결에 공 받았어
왕이보,ㅇㅇㅂ 레고로도 달고나 커피를 ㅋㅋㅋㅋ
방탄소년단,달고나찜 존나 웃긴게 본인이 컨텐츠 만들어놓고서 현타옴ㅋㅋㅋㅋ
케이돌토크,슴돌덬인 내친구 슴이 사람이라면 손등을 자로 때리고싶대
뉴이스트,저 노래가사뭐엿지? 모나리자?
정우(NCT),정프들아 안녕!!! 나 늦덕인데 이거 무슨짤인지 알수있을까?
메이플스토리,3홍조 완료~
케이돌토크,돌판 4대초동ㅋㅋㅋㅋㅋㅋㅋㅋㅋㅋㅋㅋㅋㅋㅋㅋ
드영배,"하진이는 반말 그만하려고 ""안되겠다, 포기"" 이러는데 정훈이는 그거 모르고 그대로 반말로 ""드라마 포기한다고?"""
한승우,너무조아
케이돌토크,투바투 이번컴백 진심 기대된다
동물의숲,동숲 최고미녀는
케이돌토크,오 에핑 아직까지 1위네
케이돌토크,투바투 안무 스포한거 뭔가 까리해보였어
비엘,한주원 대사 진짜 장난없다 (*´?`*)
진영(GOT7),청순선배ㅠㅠㅠㅠㅠㅠㅠㅠㅠㅠㅠㅠㅠㅠㅠㅠㅠㅠㅠㅠㅠ
케이돌토크,엔시티 월간든거 신기해
일상토크,아침 7시30분이면 투표하는 사람 많을까
골든차일드,나 내눈의 최애덬..눈물이 흐르는구나
동물의숲,N년만에 튀동숲 틀어봤더니 햄스틴이..
방탄소년단,지민이 웃고있다가 얼떨결에 공 받았어
왕이보,ㅇㅇㅂ 레고로도 달고나 커피를 ㅋㅋㅋㅋ
방탄소년단,달고나찜 존나 웃긴게 본인이 컨텐츠 만들어놓고서 현타옴ㅋㅋㅋㅋ
케이돌토크,슴돌덬인 내친구 슴이 사람이라면 손등을 자로 때리고싶대
뉴이스트,저 노래가사뭐엿지? 모나리자?
정우(NCT),정프들아 안녕!!! 나 늦덕인데 이거 무슨짤인지 알수있을까?
메이플스토리,3홍조 완료~
케이돌토크,돌판 4대초동ㅋㅋㅋㅋㅋㅋㅋㅋㅋㅋㅋㅋㅋㅋㅋㅋ
드영배,"하진이는 반말 그만하려고 ""안되겠다, 포기"" 이러는데 정훈이는 그거 모르고 그대로 반말로 ""드라마 포기한다고?"""
한승우,너무조아
케이돌토크,투바투 이번컴백 진심 기대된다
동물의숲,동숲 최고미녀는
케이돌토크,오 에핑 아직까지 1위네
케이돌토크,투바투 안무 스포한거 뭔가 까리해보였어
비엘,한주원 대사 진짜 장난없다 (*´?`*)
진영(GOT7),청순선배ㅠㅠㅠㅠㅠㅠㅠㅠㅠㅠㅠㅠㅠㅠㅠㅠㅠㅠㅠㅠㅠ
케이돌토크,엔시티 월간든거 신기해
일상토크,아침 7시30분이면 투표하는 사람 많을까
골든차일드,나 내눈의 최애덬..눈물이 흐르는구나
동물의숲,N년만에 튀동숲 틀어봤더니 햄스틴이..
방탄소년단,지민이 웃고있다가 얼떨결에 공 받았어
왕이보,ㅇㅇㅂ 레고로도 달고나 커피를 ㅋㅋㅋㅋ
방탄소년단,달고나찜 존나 웃긴게 본인이 컨텐츠 만들어놓고서 현타옴ㅋㅋㅋㅋ
케이돌토크,슴돌덬인 내친구 슴이 사람이라면 손등을 자로 때리고싶대
뉴이스트,저 노래가사뭐엿지? 모나리자?
드영배,앵커님 그런과셨군요->뭐요 순정파 그런거요?->아니요 찌질한과요
정우(NCT),정프들아 안녕!!! 나 늦덕인데 이거 무슨짤인지 알수있을까?
메이플스토리,3홍조 완료~
케이돌토크,돌판 4대초동ㅋㅋㅋㅋㅋㅋㅋㅋㅋㅋㅋㅋㅋㅋㅋㅋ
드영배,"하진이는 반말 그만하려고 ""안되겠다, 포기"" 이러는데 정훈이는 그거 모르고 그대로 반말로 ""드라마 포기한다고?"""
한승우,너무조아
케이돌토크,투바투 이번컴백 진심 기대된다
동물의숲,동숲 최고미녀는
케이돌토크,오 에핑 아직까지 1위네
케이돌토크,투바투 안무 스포한거 뭔가 까리해보였어
비엘,한주원 대사 진짜 장난없다 (*´?`*)
진영(GOT7),청순선배ㅠㅠㅠㅠㅠㅠㅠㅠㅠㅠㅠㅠㅠㅠㅠㅠㅠㅠㅠㅠㅠ
케이돌토크,엔시티 월간든거 신기해
일상토크,아침 7시30분이면 투표하는 사람 많을까
골든차일드,나 내눈의 최애덬..눈물이 흐르는구나
동물의숲,N년만에 튀동숲 틀어봤더니 햄스틴이..
방탄소년단,지민이 웃고있다가 얼떨결에 공 받았어
왕이보,ㅇㅇㅂ 레고로도 달고나 커피를 ㅋㅋㅋㅋ
방탄소년단,달고나찜 존나 웃긴게 본인이 컨텐츠 만들어놓고서 현타옴ㅋㅋㅋㅋ
케이돌토크,슴돌덬인 내친구 슴이 사람이라면 손등을 자로 때리고싶대
도영,새벽감성이지만 진짜 도영이 데뷔해줘서 너무 고마워
드영배,앵커님 그런과셨군요->뭐요 순정파 그런거요?->아니요 찌질한과요
정우(NCT),정프들아 안녕!!! 나 늦덕인데 이거 무슨짤인지 알수있을까?
메이플스토리,3홍조 완료~
케이돌토크,돌판 4대초동ㅋㅋㅋㅋㅋㅋㅋㅋㅋㅋㅋㅋㅋㅋㅋㅋ
드영배,"하진이는 반말 그만하려고 ""안되겠다, 포기"" 이러는데 정훈이는 그거 모르고 그대로 반말로 ""드라마 포기한다고?"""
한승우,너무조아
케이돌토크,투바투 이번컴백 진심 기대된다
동물의숲,동숲 최고미녀는
케이돌토크,오 에핑 아직까지 1위네
케이돌토크,투바투 안무 스포한거 뭔가 까리해보였어
비엘,한주원 대사 진짜 장난없다 (*´?`*)
진영(GOT7),청순선배ㅠㅠㅠㅠㅠㅠㅠㅠㅠㅠㅠㅠㅠㅠㅠㅠㅠㅠㅠㅠㅠ
케이돌토크,엔시티 월간든거 신기해
일상토크,아침 7시30분이면 투표하는 사람 많을까
골든차일드,나 내눈의 최애덬..눈물이 흐르는구나
동물의숲,N년만에 튀동숲 틀어봤더니 햄스틴이..
방탄소년단,지민이 웃고있다가 얼떨결에 공 받았어
왕이보,ㅇㅇㅂ 레고로도 달고나 커피를 ㅋㅋㅋㅋ
방탄소년단,달고나찜 존나 웃긴게 본인이 컨텐츠 만들어놓고서 현타옴ㅋㅋㅋㅋ
도영,새벽감성이지만 진짜 도영이 데뷔해줘서 너무 고마워
드영배,앵커님 그런과셨군요->뭐요 순정파 그런거요?->아니요 찌질한과요
정우(NCT),정프들아 안녕!!! 나 늦덕인데 이거 무슨짤인지 알수있을까?
메이플스토리,3홍조 완료~
케이돌토크,돌판 4대초동ㅋㅋㅋㅋㅋㅋㅋㅋㅋㅋㅋㅋㅋㅋㅋㅋ
드영배,"하진이는 반말 그만하려고 ""안되겠다, 포기"" 이러는데 정훈이는 그거 모르고 그대로 반말로 ""드라마 포기한다고?"""
한승우,너무조아
케이돌토크,투바투 이번컴백 진심 기대된다
동물의숲,동숲 최고미녀는
케이돌토크,오 에핑 아직까지 1위네
케이돌토크,투바투 안무 스포한거 뭔가 까리해보였어
비엘,한주원 대사 진짜 장난없다 (*´?`*)
진영(GOT7),청순선배ㅠㅠㅠㅠㅠㅠㅠㅠㅠㅠㅠㅠㅠㅠㅠㅠㅠㅠㅠㅠㅠ
케이돌토크,엔시티 월간든거 신기해
일상토크,아침 7시30분이면 투표하는 사람 많을까
골든차일드,나 내눈의 최애덬..눈물이 흐르는구나
동물의숲,N년만에 튀동숲 틀어봤더니 햄스틴이..
방탄소년단,지민이 웃고있다가 얼떨결에 공 받았어
왕이보,ㅇㅇㅂ 레고로도 달고나 커피를 ㅋㅋㅋㅋ
방탄소년단,달고나찜 존나 웃긴게 본인이 컨텐츠 만들어놓고서 현타옴ㅋㅋㅋㅋ
도영,새벽감성이지만 진짜 도영이 데뷔해줘서 너무 고마워
드영배,앵커님 그런과셨군요->뭐요 순정파 그런거요?->아니요 찌질한과요
정우(NCT),정프들아 안녕!!! 나 늦덕인데 이거 무슨짤인지 알수있을까?
메이플스토리,3홍조 완료~
케이돌토크,돌판 4대초동ㅋㅋㅋㅋㅋㅋㅋㅋㅋㅋㅋㅋㅋㅋㅋㅋ
드영배,"하진이는 반말 그만하려고 ""안되겠다, 포기"" 이러는데 정훈이는 그거 모르고 그대로 반말로 ""드라마 포기한다고?"""
한승우,너무조아
케이돌토크,투바투 이번컴백 진심 기대된다
동물의숲,동숲 최고미녀는
케이돌토크,오 에핑 아직까지 1위네
케이돌토크,투바투 안무 스포한거 뭔가 까리해보였어
비엘,한주원 대사 진짜 장난없다 (*´?`*)
진영(GOT7),청순선배ㅠㅠㅠㅠㅠㅠㅠㅠㅠㅠㅠㅠㅠㅠㅠㅠㅠㅠㅠㅠㅠ
케이돌토크,엔시티 월간든거 신기해
일상토크,아침 7시30분이면 투표하는 사람 많을까
골든차일드,나 내눈의 최애덬..눈물이 흐르는구나
동물의숲,N년만에 튀동숲 틀어봤더니 햄스틴이..
방탄소년단,지민이 웃고있다가 얼떨결에 공 받았어
왕이보,ㅇㅇㅂ 레고로도 달고나 커피를 ㅋㅋㅋㅋ
방탄소년단,달고나찜 존나 웃긴게 본인이 컨텐츠 만들어놓고서 현타옴ㅋㅋㅋㅋ
도영,새벽감성이지만 진짜 도영이 데뷔해줘서 너무 고마워
드영배,앵커님 그런과셨군요->뭐요 순정파 그런거요?->아니요 찌질한과요
정우(NCT),정프들아 안녕!!! 나 늦덕인데 이거 무슨짤인지 알수있을까?
메이플스토리,3홍조 완료~
케이돌토크,돌판 4대초동ㅋㅋㅋㅋㅋㅋㅋㅋㅋㅋㅋㅋㅋㅋㅋㅋ
드영배,"하진이는 반말 그만하려고 ""안되겠다, 포기"" 이러는데 정훈이는 그거 모르고 그대로 반말로 ""드라마 포기한다고?"""
한승우,너무조아
케이돌토크,투바투 이번컴백 진심 기대된다
동물의숲,동숲 최고미녀는
케이돌토크,오 에핑 아직까지 1위네
케이돌토크,투바투 안무 스포한거 뭔가 까리해보였어
비엘,한주원 대사 진짜 장난없다 (*´?`*)
진영(GOT7),청순선배ㅠㅠㅠㅠㅠㅠㅠㅠㅠㅠㅠㅠㅠㅠㅠㅠㅠㅠㅠㅠㅠ
케이돌토크,엔시티 월간든거 신기해
일상토크,아침 7시30분이면 투표하는 사람 많을까
골든차일드,나 내눈의 최애덬..눈물이 흐르는구나
동물의숲,N년만에 튀동숲 틀어봤더니 햄스틴이..
방탄소년단,지민이 웃고있다가 얼떨결에 공 받았어
왕이보,ㅇㅇㅂ 레고로도 달고나 커피를 ㅋㅋㅋㅋ
방탄소년단,달고나찜 존나 웃긴게 본인이 컨텐츠 만들어놓고서 현타옴ㅋㅋㅋㅋ
골든차일드,노랑해는 노래가 나랑해인게 더웃곀ㅋㅋㅋㅋ
도영,새벽감성이지만 진짜 도영이 데뷔해줘서 너무 고마워
드영배,앵커님 그런과셨군요->뭐요 순정파 그런거요?->아니요 찌질한과요
정우(NCT),정프들아 안녕!!! 나 늦덕인데 이거 무슨짤인지 알수있을까?
메이플스토리,3홍조 완료~
케이돌토크,돌판 4대초동ㅋㅋㅋㅋㅋㅋㅋㅋㅋㅋㅋㅋㅋㅋㅋㅋ
드영배,"하진이는 반말 그만하려고 ""안되겠다, 포기"" 이러는데 정훈이는 그거 모르고 그대로 반말로 ""드라마 포기한다고?"""
한승우,너무조아
케이돌토크,투바투 이번컴백 진심 기대된다
동물의숲,동숲 최고미녀는
케이돌토크,오 에핑 아직까지 1위네
케이돌토크,투바투 안무 스포한거 뭔가 까리해보였어
비엘,한주원 대사 진짜 장난없다 (*´?`*)
진영(GOT7),청순선배ㅠㅠㅠㅠㅠㅠㅠㅠㅠㅠㅠㅠㅠㅠㅠㅠㅠㅠㅠㅠㅠ
케이돌토크,엔시티 월간든거 신기해
일상토크,아침 7시30분이면 투표하는 사람 많을까
골든차일드,나 내눈의 최애덬..눈물이 흐르는구나
동물의숲,N년만에 튀동숲 틀어봤더니 햄스틴이..
방탄소년단,지민이 웃고있다가 얼떨결에 공 받았어
왕이보,ㅇㅇㅂ 레고로도 달고나 커피를 ㅋㅋㅋㅋ
골든차일드,노랑해는 노래가 나랑해인게 더웃곀ㅋㅋㅋㅋ
도영,새벽감성이지만 진짜 도영이 데뷔해줘서 너무 고마워
드영배,앵커님 그런과셨군요->뭐요 순정파 그런거요?->아니요 찌질한과요
정우(NCT),정프들아 안녕!!! 나 늦덕인데 이거 무슨짤인지 알수있을까?
메이플스토리,3홍조 완료~
케이돌토크,돌판 4대초동ㅋㅋㅋㅋㅋㅋㅋㅋㅋㅋㅋㅋㅋㅋㅋㅋ
드영배,"하진이는 반말 그만하려고 ""안되겠다, 포기"" 이러는데 정훈이는 그거 모르고 그대로 반말로 ""드라마 포기한다고?"""
한승우,너무조아
케이돌토크,투바투 이번컴백 진심 기대된다
동물의숲,동숲 최고미녀는
케이돌토크,오 에핑 아직까지 1위네
케이돌토크,투바투 안무 스포한거 뭔가 까리해보였어
비엘,한주원 대사 진짜 장난없다 (*´?`*)
진영(GOT7),청순선배ㅠㅠㅠㅠㅠㅠㅠㅠㅠㅠㅠㅠㅠㅠㅠㅠㅠㅠㅠㅠㅠ
케이돌토크,엔시티 월간든거 신기해
일상토크,아침 7시30분이면 투표하는 사람 많을까
골든차일드,나 내눈의 최애덬..눈물이 흐르는구나
동물의숲,N년만에 튀동숲 틀어봤더니 햄스틴이..
방탄소년단,지민이 웃고있다가 얼떨결에 공 받았어
왕이보,ㅇㅇㅂ 레고로도 달고나 커피를 ㅋㅋㅋㅋ
골든차일드,노랑해는 노래가 나랑해인게 더웃곀ㅋㅋㅋㅋ
도영,새벽감성이지만 진짜 도영이 데뷔해줘서 너무 고마워
드영배,앵커님 그런과셨군요->뭐요 순정파 그런거요?->아니요 찌질한과요
정우(NCT),정프들아 안녕!!! 나 늦덕인데 이거 무슨짤인지 알수있을까?
메이플스토리,3홍조 완료~
케이돌토크,돌판 4대초동ㅋㅋㅋㅋㅋㅋㅋㅋㅋㅋㅋㅋㅋㅋㅋㅋ
드영배,"하진이는 반말 그만하려고 ""안되겠다, 포기"" 이러는데 정훈이는 그거 모르고 그대로 반말로 ""드라마 포기한다고?"""
한승우,너무조아
케이돌토크,투바투 이번컴백 진심 기대된다
동물의숲,동숲 최고미녀는
케이돌토크,오 에핑 아직까지 1위네
케이돌토크,투바투 안무 스포한거 뭔가 까리해보였어
비엘,한주원 대사 진짜 장난없다 (*´?`*)
진영(GOT7),청순선배ㅠㅠㅠㅠㅠㅠㅠㅠㅠㅠㅠㅠㅠㅠㅠㅠㅠㅠㅠㅠㅠ
케이돌토크,엔시티 월간든거 신기해
일상토크,아침 7시30분이면 투표하는 사람 많을까
골든차일드,나 내눈의 최애덬..눈물이 흐르는구나
동물의숲,N년만에 튀동숲 틀어봤더니 햄스틴이..
방탄소년단,지민이 웃고있다가 얼떨결에 공 받았어
왕이보,ㅇㅇㅂ 레고로도 달고나 커피를 ㅋㅋㅋㅋ
골든차일드,노랑해는 노래가 나랑해인게 더웃곀ㅋㅋㅋㅋ
도영,새벽감성이지만 진짜 도영이 데뷔해줘서 너무 고마워
드영배,앵커님 그런과셨군요->뭐요 순정파 그런거요?->아니요 찌질한과요
정우(NCT),정프들아 안녕!!! 나 늦덕인데 이거 무슨짤인지 알수있을까?
메이플스토리,3홍조 완료~
케이돌토크,돌판 4대초동ㅋㅋㅋㅋㅋㅋㅋㅋㅋㅋㅋㅋㅋㅋㅋㅋ
드영배,"하진이는 반말 그만하려고 ""안되겠다, 포기"" 이러는데 정훈이는 그거 모르고 그대로 반말로 ""드라마 포기한다고?"""
한승우,너무조아
케이돌토크,투바투 이번컴백 진심 기대된다
동물의숲,동숲 최고미녀는
케이돌토크,오 에핑 아직까지 1위네
케이돌토크,투바투 안무 스포한거 뭔가 까리해보였어
비엘,한주원 대사 진짜 장난없다 (*´?`*)
진영(GOT7),청순선배ㅠㅠㅠㅠㅠㅠㅠㅠㅠㅠㅠㅠㅠㅠㅠㅠㅠㅠㅠㅠㅠ
케이돌토크,엔시티 월간든거 신기해
일상토크,아침 7시30분이면 투표하는 사람 많을까
골든차일드,나 내눈의 최애덬..눈물이 흐르는구나
동물의숲,N년만에 튀동숲 틀어봤더니 햄스틴이..
방탄소년단,지민이 웃고있다가 얼떨결에 공 받았어
왕이보,ㅇㅇㅂ 레고로도 달고나 커피를 ㅋㅋㅋㅋ
골든차일드,노랑해는 노래가 나랑해인게 더웃곀ㅋㅋㅋㅋ
도영,새벽감성이지만 진짜 도영이 데뷔해줘서 너무 고마워
드영배,앵커님 그런과셨군요->뭐요 순정파 그런거요?->아니요 찌질한과요
정우(NCT),정프들아 안녕!!! 나 늦덕인데 이거 무슨짤인지 알수있을까?
메이플스토리,3홍조 완료~
케이돌토크,돌판 4대초동ㅋㅋㅋㅋㅋㅋㅋㅋㅋㅋㅋㅋㅋㅋㅋㅋ
드영배,"하진이는 반말 그만하려고 ""안되겠다, 포기"" 이러는데 정훈이는 그거 모르고 그대로 반말로 ""드라마 포기한다고?"""
한승우,너무조아
케이돌토크,투바투 이번컴백 진심 기대된다
동물의숲,동숲 최고미녀는
케이돌토크,오 에핑 아직까지 1위네
케이돌토크,투바투 안무 스포한거 뭔가 까리해보였어
비엘,한주원 대사 진짜 장난없다 (*´?`*)
진영(GOT7),청순선배ㅠㅠㅠㅠㅠㅠㅠㅠㅠㅠㅠㅠㅠㅠㅠㅠㅠㅠㅠㅠㅠ
케이돌토크,엔시티 월간든거 신기해
일상토크,아침 7시30분이면 투표하는 사람 많을까
골든차일드,나 내눈의 최애덬..눈물이 흐르는구나
동물의숲,N년만에 튀동숲 틀어봤더니 햄스틴이..
방탄소년단,지민이 웃고있다가 얼떨결에 공 받았어
왕이보,ㅇㅇㅂ 레고로도 달고나 커피를 ㅋㅋㅋㅋ
GOT7,틧에서 본 뮤비티저해석??
강다니엘,어떻게 맞추는 거야
골든차일드,노랑해는 노래가 나랑해인게 더웃곀ㅋㅋㅋㅋ
도영,새벽감성이지만 진짜 도영이 데뷔해줘서 너무 고마워
드영배,앵커님 그런과셨군요->뭐요 순정파 그런거요?->아니요 찌질한과요
정우(NCT),정프들아 안녕!!! 나 늦덕인데 이거 무슨짤인지 알수있을까?
메이플스토리,3홍조 완료~
케이돌토크,돌판 4대초동ㅋㅋㅋㅋㅋㅋㅋㅋㅋㅋㅋㅋㅋㅋㅋㅋ
드영배,"하진이는 반말 그만하려고 ""안되겠다, 포기"" 이러는데 정훈이는 그거 모르고 그대로 반말로 ""드라마 포기한다고?"""
한승우,너무조아
케이돌토크,투바투 이번컴백 진심 기대된다
동물의숲,동숲 최고미녀는
케이돌토크,오 에핑 아직까지 1위네
케이돌토크,투바투 안무 스포한거 뭔가 까리해보였어
비엘,한주원 대사 진짜 장난없다 (*´?`*)
진영(GOT7),청순선배ㅠㅠㅠㅠㅠㅠㅠㅠㅠㅠㅠㅠㅠㅠㅠㅠㅠㅠㅠㅠㅠ
케이돌토크,엔시티 월간든거 신기해
일상토크,아침 7시30분이면 투표하는 사람 많을까
골든차일드,나 내눈의 최애덬..눈물이 흐르는구나
동물의숲,N년만에 튀동숲 틀어봤더니 햄스틴이..
GOT7,틧에서 본 뮤비티저해석??
강다니엘,어떻게 맞추는 거야
골든차일드,노랑해는 노래가 나랑해인게 더웃곀ㅋㅋㅋㅋ
도영,새벽감성이지만 진짜 도영이 데뷔해줘서 너무 고마워
드영배,앵커님 그런과셨군요->뭐요 순정파 그런거요?->아니요 찌질한과요
정우(NCT),정프들아 안녕!!! 나 늦덕인데 이거 무슨짤인지 알수있을까?
메이플스토리,3홍조 완료~
케이돌토크,돌판 4대초동ㅋㅋㅋㅋㅋㅋㅋㅋㅋㅋㅋㅋㅋㅋㅋㅋ
드영배,"하진이는 반말 그만하려고 ""안되겠다, 포기"" 이러는데 정훈이는 그거 모르고 그대로 반말로 ""드라마 포기한다고?"""
한승우,너무조아
케이돌토크,투바투 이번컴백 진심 기대된다
동물의숲,동숲 최고미녀는
케이돌토크,오 에핑 아직까지 1위네
케이돌토크,투바투 안무 스포한거 뭔가 까리해보였어
비엘,한주원 대사 진짜 장난없다 (*´?`*)
진영(GOT7),청순선배ㅠㅠㅠㅠㅠㅠㅠㅠㅠㅠㅠㅠㅠㅠㅠㅠㅠㅠㅠㅠㅠ
케이돌토크,엔시티 월간든거 신기해
일상토크,아침 7시30분이면 투표하는 사람 많을까
골든차일드,나 내눈의 최애덬..눈물이 흐르는구나
동물의숲,N년만에 튀동숲 틀어봤더니 햄스틴이..
케이돌토크,갤럭시 쓰는 덬들 나 갤텐인데 삼성 인터넷으로 유튜브 드가니까 화질 최대 2160 뜸 ㅁㅊㅁㅊ
GOT7,틧에서 본 뮤비티저해석??
강다니엘,어떻게 맞추는 거야
골든차일드,노랑해는 노래가 나랑해인게 더웃곀ㅋㅋㅋㅋ
도영,새벽감성이지만 진짜 도영이 데뷔해줘서 너무 고마워
드영배,앵커님 그런과셨군요->뭐요 순정파 그런거요?->아니요 찌질한과요
정우(NCT),정프들아 안녕!!! 나 늦덕인데 이거 무슨짤인지 알수있을까?
메이플스토리,3홍조 완료~
케이돌토크,돌판 4대초동ㅋㅋㅋㅋㅋㅋㅋㅋㅋㅋㅋㅋㅋㅋㅋㅋ
드영배,"하진이는 반말 그만하려고 ""안되겠다, 포기"" 이러는데 정훈이는 그거 모르고 그대로 반말로 ""드라마 포기한다고?"""
한승우,너무조아
케이돌토크,투바투 이번컴백 진심 기대된다
동물의숲,동숲 최고미녀는
케이돌토크,오 에핑 아직까지 1위네
케이돌토크,투바투 안무 스포한거 뭔가 까리해보였어
비엘,한주원 대사 진짜 장난없다 (*´?`*)
진영(GOT7),청순선배ㅠㅠㅠㅠㅠㅠㅠㅠㅠㅠㅠㅠㅠㅠㅠㅠㅠㅠㅠㅠㅠ
케이돌토크,엔시티 월간든거 신기해
일상토크,아침 7시30분이면 투표하는 사람 많을까
골든차일드,나 내눈의 최애덬..눈물이 흐르는구나
케이돌토크,갤럭시 쓰는 덬들 나 갤텐인데 삼성 인터넷으로 유튜브 드가니까 화질 최대 2160 뜸 ㅁㅊㅁㅊ
GOT7,틧에서 본 뮤비티저해석??
강다니엘,어떻게 맞추는 거야
골든차일드,노랑해는 노래가 나랑해인게 더웃곀ㅋㅋㅋㅋ
도영,새벽감성이지만 진짜 도영이 데뷔해줘서 너무 고마워
드영배,앵커님 그런과셨군요->뭐요 순정파 그런거요?->아니요 찌질한과요
정우(NCT),정프들아 안녕!!! 나 늦덕인데 이거 무슨짤인지 알수있을까?
메이플스토리,3홍조 완료~
케이돌토크,돌판 4대초동ㅋㅋㅋㅋㅋㅋㅋㅋㅋㅋㅋㅋㅋㅋㅋㅋ
드영배,"하진이는 반말 그만하려고 ""안되겠다, 포기"" 이러는데 정훈이는 그거 모르고 그대로 반말로 ""드라마 포기한다고?"""
한승우,너무조아
케이돌토크,투바투 이번컴백 진심 기대된다
동물의숲,동숲 최고미녀는
케이돌토크,오 에핑 아직까지 1위네
케이돌토크,투바투 안무 스포한거 뭔가 까리해보였어
비엘,한주원 대사 진짜 장난없다 (*´?`*)
진영(GOT7),청순선배ㅠㅠㅠㅠㅠㅠㅠㅠㅠㅠㅠㅠㅠㅠㅠㅠㅠㅠㅠㅠㅠ
케이돌토크,엔시티 월간든거 신기해
일상토크,아침 7시30분이면 투표하는 사람 많을까
골든차일드,나 내눈의 최애덬..눈물이 흐르는구나
케이돌토크,내 돌은 볼사랑 한 3번 거의 연속으로 겹쳤던 듯...
케이돌토크,갤럭시 쓰는 덬들 나 갤텐인데 삼성 인터넷으로 유튜브 드가니까 화질 최대 2160 뜸 ㅁㅊㅁㅊ
GOT7,틧에서 본 뮤비티저해석??
강다니엘,어떻게 맞추는 거야
골든차일드,노랑해는 노래가 나랑해인게 더웃곀ㅋㅋㅋㅋ
도영,새벽감성이지만 진짜 도영이 데뷔해줘서 너무 고마워
드영배,앵커님 그런과셨군요->뭐요 순정파 그런거요?->아니요 찌질한과요
정우(NCT),정프들아 안녕!!! 나 늦덕인데 이거 무슨짤인지 알수있을까?
메이플스토리,3홍조 완료~
케이돌토크,돌판 4대초동ㅋㅋㅋㅋㅋㅋㅋㅋㅋㅋㅋㅋㅋㅋㅋㅋ
드영배,"하진이는 반말 그만하려고 ""안되겠다, 포기"" 이러는데 정훈이는 그거 모르고 그대로 반말로 ""드라마 포기한다고?"""
한승우,너무조아
케이돌토크,투바투 이번컴백 진심 기대된다
동물의숲,동숲 최고미녀는
케이돌토크,오 에핑 아직까지 1위네
케이돌토크,투바투 안무 스포한거 뭔가 까리해보였어
비엘,한주원 대사 진짜 장난없다 (*´?`*)
진영(GOT7),청순선배ㅠㅠㅠㅠㅠㅠㅠㅠㅠㅠㅠㅠㅠㅠㅠㅠㅠㅠㅠㅠㅠ
케이돌토크,엔시티 월간든거 신기해
일상토크,아침 7시30분이면 투표하는 사람 많을까
케이돌토크,내 돌은 볼사랑 한 3번 거의 연속으로 겹쳤던 듯...
케이돌토크,갤럭시 쓰는 덬들 나 갤텐인데 삼성 인터넷으로 유튜브 드가니까 화질 최대 2160 뜸 ㅁㅊㅁㅊ
GOT7,틧에서 본 뮤비티저해석??
강다니엘,어떻게 맞추는 거야
골든차일드,노랑해는 노래가 나랑해인게 더웃곀ㅋㅋㅋㅋ
도영,새벽감성이지만 진짜 도영이 데뷔해줘서 너무 고마워
드영배,앵커님 그런과셨군요->뭐요 순정파 그런거요?->아니요 찌질한과요
정우(NCT),정프들아 안녕!!! 나 늦덕인데 이거 무슨짤인지 알수있을까?
메이플스토리,3홍조 완료~
케이돌토크,돌판 4대초동ㅋㅋㅋㅋㅋㅋㅋㅋㅋㅋㅋㅋㅋㅋㅋㅋ
드영배,"하진이는 반말 그만하려고 ""안되겠다, 포기"" 이러는데 정훈이는 그거 모르고 그대로 반말로 ""드라마 포기한다고?"""
한승우,너무조아
케이돌토크,투바투 이번컴백 진심 기대된다
동물의숲,동숲 최고미녀는
케이돌토크,오 에핑 아직까지 1위네
케이돌토크,투바투 안무 스포한거 뭔가 까리해보였어
비엘,한주원 대사 진짜 장난없다 (*´?`*)
진영(GOT7),청순선배ㅠㅠㅠㅠㅠㅠㅠㅠㅠㅠㅠㅠㅠㅠㅠㅠㅠㅠㅠㅠㅠ
케이돌토크,엔시티 월간든거 신기해
일상토크,아침 7시30분이면 투표하는 사람 많을까
케이돌토크,내 돌은 볼사랑 한 3번 거의 연속으로 겹쳤던 듯...
케이돌토크,갤럭시 쓰는 덬들 나 갤텐인데 삼성 인터넷으로 유튜브 드가니까 화질 최대 2160 뜸 ㅁㅊㅁㅊ
GOT7,틧에서 본 뮤비티저해석??
강다니엘,어떻게 맞추는 거야
골든차일드,노랑해는 노래가 나랑해인게 더웃곀ㅋㅋㅋㅋ
도영,새벽감성이지만 진짜 도영이 데뷔해줘서 너무 고마워
드영배,앵커님 그런과셨군요->뭐요 순정파 그런거요?->아니요 찌질한과요
정우(NCT),정프들아 안녕!!! 나 늦덕인데 이거 무슨짤인지 알수있을까?
메이플스토리,3홍조 완료~
케이돌토크,돌판 4대초동ㅋㅋㅋㅋㅋㅋㅋㅋㅋㅋㅋㅋㅋㅋㅋㅋ
드영배,"하진이는 반말 그만하려고 ""안되겠다, 포기"" 이러는데 정훈이는 그거 모르고 그대로 반말로 ""드라마 포기한다고?"""
한승우,너무조아
케이돌토크,투바투 이번컴백 진심 기대된다
동물의숲,동숲 최고미녀는
케이돌토크,오 에핑 아직까지 1위네
케이돌토크,투바투 안무 스포한거 뭔가 까리해보였어
비엘,한주원 대사 진짜 장난없다 (*´?`*)
진영(GOT7),청순선배ㅠㅠㅠㅠㅠㅠㅠㅠㅠㅠㅠㅠㅠㅠㅠㅠㅠㅠㅠㅠㅠ
케이돌토크,엔시티 월간든거 신기해
일상토크,아침 7시30분이면 투표하는 사람 많을까
케이돌토크,내 돌은 볼사랑 한 3번 거의 연속으로 겹쳤던 듯...
케이돌토크,갤럭시 쓰는 덬들 나 갤텐인데 삼성 인터넷으로 유튜브 드가니까 화질 최대 2160 뜸 ㅁㅊㅁㅊ
GOT7,틧에서 본 뮤비티저해석??
강다니엘,어떻게 맞추는 거야
골든차일드,노랑해는 노래가 나랑해인게 더웃곀ㅋㅋㅋㅋ
도영,새벽감성이지만 진짜 도영이 데뷔해줘서 너무 고마워
드영배,앵커님 그런과셨군요->뭐요 순정파 그런거요?->아니요 찌질한과요
정우(NCT),정프들아 안녕!!! 나 늦덕인데 이거 무슨짤인지 알수있을까?
메이플스토리,3홍조 완료~
케이돌토크,돌판 4대초동ㅋㅋㅋㅋㅋㅋㅋㅋㅋㅋㅋㅋㅋㅋㅋㅋ
드영배,"하진이는 반말 그만하려고 ""안되겠다, 포기"" 이러는데 정훈이는 그거 모르고 그대로 반말로 ""드라마 포기한다고?"""
한승우,너무조아
케이돌토크,투바투 이번컴백 진심 기대된다
동물의숲,동숲 최고미녀는
케이돌토크,오 에핑 아직까지 1위네
케이돌토크,투바투 안무 스포한거 뭔가 까리해보였어
비엘,한주원 대사 진짜 장난없다 (*´?`*)
진영(GOT7),청순선배ㅠㅠㅠㅠㅠㅠㅠㅠㅠㅠㅠㅠㅠㅠㅠㅠㅠㅠㅠㅠㅠ
케이돌토크,엔시티 월간든거 신기해
일상토크,아침 7시30분이면 투표하는 사람 많을까
케이돌토크,내 돌은 볼사랑 한 3번 거의 연속으로 겹쳤던 듯...
케이돌토크,갤럭시 쓰는 덬들 나 갤텐인데 삼성 인터넷으로 유튜브 드가니까 화질 최대 2160 뜸 ㅁㅊㅁㅊ
GOT7,틧에서 본 뮤비티저해석??
강다니엘,어떻게 맞추는 거야
골든차일드,노랑해는 노래가 나랑해인게 더웃곀ㅋㅋㅋㅋ
도영,새벽감성이지만 진짜 도영이 데뷔해줘서 너무 고마워
드영배,앵커님 그런과셨군요->뭐요 순정파 그런거요?->아니요 찌질한과요
정우(NCT),정프들아 안녕!!! 나 늦덕인데 이거 무슨짤인지 알수있을까?
메이플스토리,3홍조 완료~
케이돌토크,돌판 4대초동ㅋㅋㅋㅋㅋㅋㅋㅋㅋㅋㅋㅋㅋㅋㅋㅋ
드영배,"하진이는 반말 그만하려고 ""안되겠다, 포기"" 이러는데 정훈이는 그거 모르고 그대로 반말로 ""드라마 포기한다고?"""
한승우,너무조아
케이돌토크,투바투 이번컴백 진심 기대된다
동물의숲,동숲 최고미녀는
케이돌토크,오 에핑 아직까지 1위네
케이돌토크,투바투 안무 스포한거 뭔가 까리해보였어
비엘,한주원 대사 진짜 장난없다 (*´?`*)
진영(GOT7),청순선배ㅠㅠㅠㅠㅠㅠㅠㅠㅠㅠㅠㅠㅠㅠㅠㅠㅠㅠㅠㅠㅠ
케이돌토크,엔시티 월간든거 신기해
일상토크,아침 7시30분이면 투표하는 사람 많을까
드영배,서강준 나레이션 진짜 잘하는게 그동안 서강준 나레 엄청 따뜻하고 그런 분위기였는데 메일 읽을때는 감정이 아예없더라
케이돌토크,내 돌은 볼사랑 한 3번 거의 연속으로 겹쳤던 듯...
케이돌토크,갤럭시 쓰는 덬들 나 갤텐인데 삼성 인터넷으로 유튜브 드가니까 화질 최대 2160 뜸 ㅁㅊㅁㅊ
GOT7,틧에서 본 뮤비티저해석??
강다니엘,어떻게 맞추는 거야
골든차일드,노랑해는 노래가 나랑해인게 더웃곀ㅋㅋㅋㅋ
도영,새벽감성이지만 진짜 도영이 데뷔해줘서 너무 고마워
드영배,앵커님 그런과셨군요->뭐요 순정파 그런거요?->아니요 찌질한과요
정우(NCT),정프들아 안녕!!! 나 늦덕인데 이거 무슨짤인지 알수있을까?
메이플스토리,3홍조 완료~
케이돌토크,돌판 4대초동ㅋㅋㅋㅋㅋㅋㅋㅋㅋㅋㅋㅋㅋㅋㅋㅋ
드영배,"하진이는 반말 그만하려고 ""안되겠다, 포기"" 이러는데 정훈이는 그거 모르고 그대로 반말로 ""드라마 포기한다고?"""
한승우,너무조아
케이돌토크,투바투 이번컴백 진심 기대된다
동물의숲,동숲 최고미녀는
케이돌토크,오 에핑 아직까지 1위네
케이돌토크,투바투 안무 스포한거 뭔가 까리해보였어
비엘,한주원 대사 진짜 장난없다 (*´?`*)
진영(GOT7),청순선배ㅠㅠㅠㅠㅠㅠㅠㅠㅠㅠㅠㅠㅠㅠㅠㅠㅠㅠㅠㅠㅠ
케이돌토크,엔시티 월간든거 신기해
드영배,서강준 나레이션 진짜 잘하는게 그동안 서강준 나레 엄청 따뜻하고 그런 분위기였는데 메일 읽을때는 감정이 아예없더라
케이돌토크,내 돌은 볼사랑 한 3번 거의 연속으로 겹쳤던 듯...
케이돌토크,갤럭시 쓰는 덬들 나 갤텐인데 삼성 인터넷으로 유튜브 드가니까 화질 최대 2160 뜸 ㅁㅊㅁㅊ
GOT7,틧에서 본 뮤비티저해석??
강다니엘,어떻게 맞추는 거야
골든차일드,노랑해는 노래가 나랑해인게 더웃곀ㅋㅋㅋㅋ
도영,새벽감성이지만 진짜 도영이 데뷔해줘서 너무 고마워
드영배,앵커님 그런과셨군요->뭐요 순정파 그런거요?->아니요 찌질한과요
정우(NCT),정프들아 안녕!!! 나 늦덕인데 이거 무슨짤인지 알수있을까?
메이플스토리,3홍조 완료~
케이돌토크,돌판 4대초동ㅋㅋㅋㅋㅋㅋㅋㅋㅋㅋㅋㅋㅋㅋㅋㅋ
드영배,"하진이는 반말 그만하려고 ""안되겠다, 포기"" 이러는데 정훈이는 그거 모르고 그대로 반말로 ""드라마 포기한다고?"""
한승우,너무조아
케이돌토크,투바투 이번컴백 진심 기대된다
동물의숲,동숲 최고미녀는
케이돌토크,오 에핑 아직까지 1위네
케이돌토크,투바투 안무 스포한거 뭔가 까리해보였어
비엘,한주원 대사 진짜 장난없다 (*´?`*)
진영(GOT7),청순선배ㅠㅠㅠㅠㅠㅠㅠㅠㅠㅠㅠㅠㅠㅠㅠㅠㅠㅠㅠㅠㅠ
케이돌토크,엔시티 월간든거 신기해
드영배,서강준 나레이션 진짜 잘하는게 그동안 서강준 나레 엄청 따뜻하고 그런 분위기였는데 메일 읽을때는 감정이 아예없더라
케이돌토크,내 돌은 볼사랑 한 3번 거의 연속으로 겹쳤던 듯...
케이돌토크,갤럭시 쓰는 덬들 나 갤텐인데 삼성 인터넷으로 유튜브 드가니까 화질 최대 2160 뜸 ㅁㅊㅁㅊ
GOT7,틧에서 본 뮤비티저해석??
강다니엘,어떻게 맞추는 거야
골든차일드,노랑해는 노래가 나랑해인게 더웃곀ㅋㅋㅋㅋ
도영,새벽감성이지만 진짜 도영이 데뷔해줘서 너무 고마워
드영배,앵커님 그런과셨군요->뭐요 순정파 그런거요?->아니요 찌질한과요
정우(NCT),정프들아 안녕!!! 나 늦덕인데 이거 무슨짤인지 알수있을까?
메이플스토리,3홍조 완료~
케이돌토크,돌판 4대초동ㅋㅋㅋㅋㅋㅋㅋㅋㅋㅋㅋㅋㅋㅋㅋㅋ
드영배,"하진이는 반말 그만하려고 ""안되겠다, 포기"" 이러는데 정훈이는 그거 모르고 그대로 반말로 ""드라마 포기한다고?"""
한승우,너무조아
케이돌토크,투바투 이번컴백 진심 기대된다
동물의숲,동숲 최고미녀는
케이돌토크,오 에핑 아직까지 1위네
케이돌토크,투바투 안무 스포한거 뭔가 까리해보였어
비엘,한주원 대사 진짜 장난없다 (*´?`*)
진영(GOT7),청순선배ㅠㅠㅠㅠㅠㅠㅠㅠㅠㅠㅠㅠㅠㅠㅠㅠㅠㅠㅠㅠㅠ
케이돌토크,엔시티 월간든거 신기해
드영배,서강준 나레이션 진짜 잘하는게 그동안 서강준 나레 엄청 따뜻하고 그런 분위기였는데 메일 읽을때는 감정이 아예없더라
케이돌토크,내 돌은 볼사랑 한 3번 거의 연속으로 겹쳤던 듯...
케이돌토크,갤럭시 쓰는 덬들 나 갤텐인데 삼성 인터넷으로 유튜브 드가니까 화질 최대 2160 뜸 ㅁㅊㅁㅊ
GOT7,틧에서 본 뮤비티저해석??
강다니엘,어떻게 맞추는 거야
골든차일드,노랑해는 노래가 나랑해인게 더웃곀ㅋㅋㅋㅋ
도영,새벽감성이지만 진짜 도영이 데뷔해줘서 너무 고마워
드영배,앵커님 그런과셨군요->뭐요 순정파 그런거요?->아니요 찌질한과요
정우(NCT),정프들아 안녕!!! 나 늦덕인데 이거 무슨짤인지 알수있을까?
메이플스토리,3홍조 완료~
케이돌토크,돌판 4대초동ㅋㅋㅋㅋㅋㅋㅋㅋㅋㅋㅋㅋㅋㅋㅋㅋ
드영배,"하진이는 반말 그만하려고 ""안되겠다, 포기"" 이러는데 정훈이는 그거 모르고 그대로 반말로 ""드라마 포기한다고?"""
한승우,너무조아
케이돌토크,투바투 이번컴백 진심 기대된다
동물의숲,동숲 최고미녀는
케이돌토크,오 에핑 아직까지 1위네
케이돌토크,투바투 안무 스포한거 뭔가 까리해보였어
비엘,한주원 대사 진짜 장난없다 (*´?`*)
진영(GOT7),청순선배ㅠㅠㅠㅠㅠㅠㅠㅠㅠㅠㅠㅠㅠㅠㅠㅠㅠㅠㅠㅠㅠ
케이돌토크,엔시티 월간든거 신기해
케이돌토크,내 돌은 볼사랑 한 3번 거의 연속으로 겹쳤던 듯...
케이돌토크,갤럭시 쓰는 덬들 나 갤텐인데 삼성 인터넷으로 유튜브 드가니까 화질 최대 2160 뜸 ㅁㅊㅁㅊ
GOT7,틧에서 본 뮤비티저해석??
강다니엘,어떻게 맞추는 거야
골든차일드,노랑해는 노래가 나랑해인게 더웃곀ㅋㅋㅋㅋ
도영,새벽감성이지만 진짜 도영이 데뷔해줘서 너무 고마워
드영배,앵커님 그런과셨군요->뭐요 순정파 그런거요?->아니요 찌질한과요
정우(NCT),정프들아 안녕!!! 나 늦덕인데 이거 무슨짤인지 알수있을까?
메이플스토리,3홍조 완료~
케이돌토크,돌판 4대초동ㅋㅋㅋㅋㅋㅋㅋㅋㅋㅋㅋㅋㅋㅋㅋㅋ
드영배,"하진이는 반말 그만하려고 ""안되겠다, 포기"" 이러는데 정훈이는 그거 모르고 그대로 반말로 ""드라마 포기한다고?"""
한승우,너무조아
케이돌토크,투바투 이번컴백 진심 기대된다
동물의숲,동숲 최고미녀는
케이돌토크,오 에핑 아직까지 1위네
케이돌토크,투바투 안무 스포한거 뭔가 까리해보였어
비엘,한주원 대사 진짜 장난없다 (*´?`*)
진영(GOT7),청순선배ㅠㅠㅠㅠㅠㅠㅠㅠㅠㅠㅠㅠㅠㅠㅠㅠㅠㅠㅠㅠㅠ
케이돌토크,엔시티 월간든거 신기해
일상토크,아침 7시30분이면 투표하는 사람 많을까
케이돌토크,내 돌은 볼사랑 한 3번 거의 연속으로 겹쳤던 듯...
케이돌토크,갤럭시 쓰는 덬들 나 갤텐인데 삼성 인터넷으로 유튜브 드가니까 화질 최대 2160 뜸 ㅁㅊㅁㅊ
GOT7,틧에서 본 뮤비티저해석??
강다니엘,어떻게 맞추는 거야
골든차일드,노랑해는 노래가 나랑해인게 더웃곀ㅋㅋㅋㅋ
도영,새벽감성이지만 진짜 도영이 데뷔해줘서 너무 고마워
드영배,앵커님 그런과셨군요->뭐요 순정파 그런거요?->아니요 찌질한과요
정우(NCT),정프들아 안녕!!! 나 늦덕인데 이거 무슨짤인지 알수있을까?
메이플스토리,3홍조 완료~
케이돌토크,돌판 4대초동ㅋㅋㅋㅋㅋㅋㅋㅋㅋㅋㅋㅋㅋㅋㅋㅋ
드영배,"하진이는 반말 그만하려고 ""안되겠다, 포기"" 이러는데 정훈이는 그거 모르고 그대로 반말로 ""드라마 포기한다고?"""
한승우,너무조아
케이돌토크,투바투 이번컴백 진심 기대된다
동물의숲,동숲 최고미녀는
케이돌토크,오 에핑 아직까지 1위네
케이돌토크,투바투 안무 스포한거 뭔가 까리해보였어
비엘,한주원 대사 진짜 장난없다 (*´?`*)
진영(GOT7),청순선배ㅠㅠㅠㅠㅠㅠㅠㅠㅠㅠㅠㅠㅠㅠㅠㅠㅠㅠㅠㅠㅠ
케이돌토크,엔시티 월간든거 신기해
일상토크,아침 7시30분이면 투표하는 사람 많을까
세븐틴,애들 위버스 그냥 채팅방처럼 쓰는거 넘 좋아
드영배,서강준 나레이션 진짜 잘하는게 그동안 서강준 나레 엄청 따뜻하고 그런 분위기였는데 메일 읽을때는 감정이 아예없더라
케이돌토크,내 돌은 볼사랑 한 3번 거의 연속으로 겹쳤던 듯...
케이돌토크,갤럭시 쓰는 덬들 나 갤텐인데 삼성 인터넷으로 유튜브 드가니까 화질 최대 2160 뜸 ㅁㅊㅁㅊ
GOT7,틧에서 본 뮤비티저해석??
강다니엘,어떻게 맞추는 거야
골든차일드,노랑해는 노래가 나랑해인게 더웃곀ㅋㅋㅋㅋ
도영,새벽감성이지만 진짜 도영이 데뷔해줘서 너무 고마워
드영배,앵커님 그런과셨군요->뭐요 순정파 그런거요?->아니요 찌질한과요
정우(NCT),정프들아 안녕!!! 나 늦덕인데 이거 무슨짤인지 알수있을까?
메이플스토리,3홍조 완료~
케이돌토크,돌판 4대초동ㅋㅋㅋㅋㅋㅋㅋㅋㅋㅋㅋㅋㅋㅋㅋㅋ
드영배,"하진이는 반말 그만하려고 ""안되겠다, 포기"" 이러는데 정훈이는 그거 모르고 그대로 반말로 ""드라마 포기한다고?"""
한승우,너무조아
케이돌토크,투바투 이번컴백 진심 기대된다
동물의숲,동숲 최고미녀는
케이돌토크,오 에핑 아직까지 1위네
케이돌토크,투바투 안무 스포한거 뭔가 까리해보였어
비엘,한주원 대사 진짜 장난없다 (*´?`*)
진영(GOT7),청순선배ㅠㅠㅠㅠㅠㅠㅠㅠㅠㅠㅠㅠㅠㅠㅠㅠㅠㅠㅠㅠㅠ
세븐틴,애들 위버스 그냥 채팅방처럼 쓰는거 넘 좋아
드영배,서강준 나레이션 진짜 잘하는게 그동안 서강준 나레 엄청 따뜻하고 그런 분위기였는데 메일 읽을때는 감정이 아예없더라
케이돌토크,내 돌은 볼사랑 한 3번 거의 연속으로 겹쳤던 듯...
케이돌토크,갤럭시 쓰는 덬들 나 갤텐인데 삼성 인터넷으로 유튜브 드가니까 화질 최대 2160 뜸 ㅁㅊㅁㅊ
GOT7,틧에서 본 뮤비티저해석??
강다니엘,어떻게 맞추는 거야
골든차일드,노랑해는 노래가 나랑해인게 더웃곀ㅋㅋㅋㅋ
도영,새벽감성이지만 진짜 도영이 데뷔해줘서 너무 고마워
드영배,앵커님 그런과셨군요->뭐요 순정파 그런거요?->아니요 찌질한과요
정우(NCT),정프들아 안녕!!! 나 늦덕인데 이거 무슨짤인지 알수있을까?
메이플스토리,3홍조 완료~
케이돌토크,돌판 4대초동ㅋㅋㅋㅋㅋㅋㅋㅋㅋㅋㅋㅋㅋㅋㅋㅋ
드영배,"하진이는 반말 그만하려고 ""안되겠다, 포기"" 이러는데 정훈이는 그거 모르고 그대로 반말로 ""드라마 포기한다고?"""
한승우,너무조아
케이돌토크,투바투 이번컴백 진심 기대된다
동물의숲,동숲 최고미녀는
케이돌토크,오 에핑 아직까지 1위네
케이돌토크,투바투 안무 스포한거 뭔가 까리해보였어
비엘,한주원 대사 진짜 장난없다 (*´?`*)
진영(GOT7),청순선배ㅠㅠㅠㅠㅠㅠㅠㅠㅠㅠㅠㅠㅠㅠㅠㅠㅠㅠㅠㅠㅠ
세븐틴,애들 위버스 그냥 채팅방처럼 쓰는거 넘 좋아
드영배,서강준 나레이션 진짜 잘하는게 그동안 서강준 나레 엄청 따뜻하고 그런 분위기였는데 메일 읽을때는 감정이 아예없더라
케이돌토크,내 돌은 볼사랑 한 3번 거의 연속으로 겹쳤던 듯...
케이돌토크,갤럭시 쓰는 덬들 나 갤텐인데 삼성 인터넷으로 유튜브 드가니까 화질 최대 2160 뜸 ㅁㅊㅁㅊ
GOT7,틧에서 본 뮤비티저해석??
강다니엘,어떻게 맞추는 거야
골든차일드,노랑해는 노래가 나랑해인게 더웃곀ㅋㅋㅋㅋ
도영,새벽감성이지만 진짜 도영이 데뷔해줘서 너무 고마워
드영배,앵커님 그런과셨군요->뭐요 순정파 그런거요?->아니요 찌질한과요
정우(NCT),정프들아 안녕!!! 나 늦덕인데 이거 무슨짤인지 알수있을까?
메이플스토리,3홍조 완료~
케이돌토크,돌판 4대초동ㅋㅋㅋㅋㅋㅋㅋㅋㅋㅋㅋㅋㅋㅋㅋㅋ
드영배,"하진이는 반말 그만하려고 ""안되겠다, 포기"" 이러는데 정훈이는 그거 모르고 그대로 반말로 ""드라마 포기한다고?"""
한승우,너무조아
케이돌토크,투바투 이번컴백 진심 기대된다
동물의숲,동숲 최고미녀는
케이돌토크,오 에핑 아직까지 1위네
케이돌토크,투바투 안무 스포한거 뭔가 까리해보였어
비엘,한주원 대사 진짜 장난없다 (*´?`*)
진영(GOT7),청순선배ㅠㅠㅠㅠㅠㅠㅠㅠㅠㅠㅠㅠㅠㅠㅠㅠㅠㅠㅠㅠㅠ
드영배,그기억 하진이가 먼저 들이대더라도 연인 사이는 아니기에 두는 거리감이 존나 발린다고
세븐틴,애들 위버스 그냥 채팅방처럼 쓰는거 넘 좋아
드영배,서강준 나레이션 진짜 잘하는게 그동안 서강준 나레 엄청 따뜻하고 그런 분위기였는데 메일 읽을때는 감정이 아예없더라
케이돌토크,내 돌은 볼사랑 한 3번 거의 연속으로 겹쳤던 듯...
케이돌토크,갤럭시 쓰는 덬들 나 갤텐인데 삼성 인터넷으로 유튜브 드가니까 화질 최대 2160 뜸 ㅁㅊㅁㅊ
GOT7,틧에서 본 뮤비티저해석??
강다니엘,어떻게 맞추는 거야
골든차일드,노랑해는 노래가 나랑해인게 더웃곀ㅋㅋㅋㅋ
도영,새벽감성이지만 진짜 도영이 데뷔해줘서 너무 고마워
드영배,앵커님 그런과셨군요->뭐요 순정파 그런거요?->아니요 찌질한과요
정우(NCT),정프들아 안녕!!! 나 늦덕인데 이거 무슨짤인지 알수있을까?
메이플스토리,3홍조 완료~
케이돌토크,돌판 4대초동ㅋㅋㅋㅋㅋㅋㅋㅋㅋㅋㅋㅋㅋㅋㅋㅋ
드영배,"하진이는 반말 그만하려고 ""안되겠다, 포기"" 이러는데 정훈이는 그거 모르고 그대로 반말로 ""드라마 포기한다고?"""
한승우,너무조아
케이돌토크,투바투 이번컴백 진심 기대된다
동물의숲,동숲 최고미녀는
케이돌토크,오 에핑 아직까지 1위네
케이돌토크,투바투 안무 스포한거 뭔가 까리해보였어
비엘,한주원 대사 진짜 장난없다 (*´?`*)
일상토크,쇼핑몰에 이렇게 써있으면
드영배,그기억 하진이가 먼저 들이대더라도 연인 사이는 아니기에 두는 거리감이 존나 발린다고
세븐틴,애들 위버스 그냥 채팅방처럼 쓰는거 넘 좋아
드영배,서강준 나레이션 진짜 잘하는게 그동안 서강준 나레 엄청 따뜻하고 그런 분위기였는데 메일 읽을때는 감정이 아예없더라
케이돌토크,내 돌은 볼사랑 한 3번 거의 연속으로 겹쳤던 듯...
케이돌토크,갤럭시 쓰는 덬들 나 갤텐인데 삼성 인터넷으로 유튜브 드가니까 화질 최대 2160 뜸 ㅁㅊㅁㅊ
GOT7,틧에서 본 뮤비티저해석??
강다니엘,어떻게 맞추는 거야
골든차일드,노랑해는 노래가 나랑해인게 더웃곀ㅋㅋㅋㅋ
도영,새벽감성이지만 진짜 도영이 데뷔해줘서 너무 고마워
드영배,앵커님 그런과셨군요->뭐요 순정파 그런거요?->아니요 찌질한과요
정우(NCT),정프들아 안녕!!! 나 늦덕인데 이거 무슨짤인지 알수있을까?
메이플스토리,3홍조 완료~
케이돌토크,돌판 4대초동ㅋㅋㅋㅋㅋㅋㅋㅋㅋㅋㅋㅋㅋㅋㅋㅋ
드영배,"하진이는 반말 그만하려고 ""안되겠다, 포기"" 이러는데 정훈이는 그거 모르고 그대로 반말로 ""드라마 포기한다고?"""
한승우,너무조아
케이돌토크,투바투 이번컴백 진심 기대된다
동물의숲,동숲 최고미녀는
케이돌토크,오 에핑 아직까지 1위네
케이돌토크,투바투 안무 스포한거 뭔가 까리해보였어
일상토크,쇼핑몰에 이렇게 써있으면
드영배,그기억 하진이가 먼저 들이대더라도 연인 사이는 아니기에 두는 거리감이 존나 발린다고
세븐틴,애들 위버스 그냥 채팅방처럼 쓰는거 넘 좋아
드영배,서강준 나레이션 진짜 잘하는게 그동안 서강준 나레 엄청 따뜻하고 그런 분위기였는데 메일 읽을때는 감정이 아예없더라
케이돌토크,내 돌은 볼사랑 한 3번 거의 연속으로 겹쳤던 듯...
케이돌토크,갤럭시 쓰는 덬들 나 갤텐인데 삼성 인터넷으로 유튜브 드가니까 화질 최대 2160 뜸 ㅁㅊㅁㅊ
GOT7,틧에서 본 뮤비티저해석??
강다니엘,어떻게 맞추는 거야
골든차일드,노랑해는 노래가 나랑해인게 더웃곀ㅋㅋㅋㅋ
도영,새벽감성이지만 진짜 도영이 데뷔해줘서 너무 고마워
드영배,앵커님 그런과셨군요->뭐요 순정파 그런거요?->아니요 찌질한과요
정우(NCT),정프들아 안녕!!! 나 늦덕인데 이거 무슨짤인지 알수있을까?
메이플스토리,3홍조 완료~
케이돌토크,돌판 4대초동ㅋㅋㅋㅋㅋㅋㅋㅋㅋㅋㅋㅋㅋㅋㅋㅋ
드영배,"하진이는 반말 그만하려고 ""안되겠다, 포기"" 이러는데 정훈이는 그거 모르고 그대로 반말로 ""드라마 포기한다고?"""
한승우,너무조아
케이돌토크,투바투 이번컴백 진심 기대된다
동물의숲,동숲 최고미녀는
케이돌토크,오 에핑 아직까지 1위네
케이돌토크,투바투 안무 스포한거 뭔가 까리해보였어
한승우,우야 웃음소리 사랑스러웡
일상토크,쇼핑몰에 이렇게 써있으면
드영배,그기억 하진이가 먼저 들이대더라도 연인 사이는 아니기에 두는 거리감이 존나 발린다고
세븐틴,애들 위버스 그냥 채팅방처럼 쓰는거 넘 좋아
드영배,서강준 나레이션 진짜 잘하는게 그동안 서강준 나레 엄청 따뜻하고 그런 분위기였는데 메일 읽을때는 감정이 아예없더라
케이돌토크,내 돌은 볼사랑 한 3번 거의 연속으로 겹쳤던 듯...
케이돌토크,갤럭시 쓰는 덬들 나 갤텐인데 삼성 인터넷으로 유튜브 드가니까 화질 최대 2160 뜸 ㅁㅊㅁㅊ
GOT7,틧에서 본 뮤비티저해석??
강다니엘,어떻게 맞추는 거야
골든차일드,노랑해는 노래가 나랑해인게 더웃곀ㅋㅋㅋㅋ
도영,새벽감성이지만 진짜 도영이 데뷔해줘서 너무 고마워
드영배,앵커님 그런과셨군요->뭐요 순정파 그런거요?->아니요 찌질한과요
정우(NCT),정프들아 안녕!!! 나 늦덕인데 이거 무슨짤인지 알수있을까?
메이플스토리,3홍조 완료~
케이돌토크,돌판 4대초동ㅋㅋㅋㅋㅋㅋㅋㅋㅋㅋㅋㅋㅋㅋㅋㅋ
드영배,"하진이는 반말 그만하려고 ""안되겠다, 포기"" 이러는데 정훈이는 그거 모르고 그대로 반말로 ""드라마 포기한다고?"""
한승우,너무조아
케이돌토크,투바투 이번컴백 진심 기대된다
동물의숲,동숲 최고미녀는
케이돌토크,오 에핑 아직까지 1위네
한승우,우야 웃음소리 사랑스러웡
일상토크,쇼핑몰에 이렇게 써있으면
드영배,그기억 하진이가 먼저 들이대더라도 연인 사이는 아니기에 두는 거리감이 존나 발린다고
세븐틴,애들 위버스 그냥 채팅방처럼 쓰는거 넘 좋아
드영배,서강준 나레이션 진짜 잘하는게 그동안 서강준 나레 엄청 따뜻하고 그런 분위기였는데 메일 읽을때는 감정이 아예없더라
케이돌토크,내 돌은 볼사랑 한 3번 거의 연속으로 겹쳤던 듯...
케이돌토크,갤럭시 쓰는 덬들 나 갤텐인데 삼성 인터넷으로 유튜브 드가니까 화질 최대 2160 뜸 ㅁㅊㅁㅊ
GOT7,틧에서 본 뮤비티저해석??
강다니엘,어떻게 맞추는 거야
골든차일드,노랑해는 노래가 나랑해인게 더웃곀ㅋㅋㅋㅋ
도영,새벽감성이지만 진짜 도영이 데뷔해줘서 너무 고마워
드영배,앵커님 그런과셨군요->뭐요 순정파 그런거요?->아니요 찌질한과요
정우(NCT),정프들아 안녕!!! 나 늦덕인데 이거 무슨짤인지 알수있을까?
메이플스토리,3홍조 완료~
케이돌토크,돌판 4대초동ㅋㅋㅋㅋㅋㅋㅋㅋㅋㅋㅋㅋㅋㅋㅋㅋ
드영배,"하진이는 반말 그만하려고 ""안되겠다, 포기"" 이러는데 정훈이는 그거 모르고 그대로 반말로 ""드라마 포기한다고?"""
한승우,너무조아
케이돌토크,투바투 이번컴백 진심 기대된다
동물의숲,동숲 최고미녀는
케이돌토크,오 에핑 아직까지 1위네
한승우,우야 웃음소리 사랑스러웡
일상토크,쇼핑몰에 이렇게 써있으면
드영배,그기억 하진이가 먼저 들이대더라도 연인 사이는 아니기에 두는 거리감이 존나 발린다고
세븐틴,애들 위버스 그냥 채팅방처럼 쓰는거 넘 좋아
드영배,서강준 나레이션 진짜 잘하는게 그동안 서강준 나레 엄청 따뜻하고 그런 분위기였는데 메일 읽을때는 감정이 아예없더라
케이돌토크,내 돌은 볼사랑 한 3번 거의 연속으로 겹쳤던 듯...
케이돌토크,갤럭시 쓰는 덬들 나 갤텐인데 삼성 인터넷으로 유튜브 드가니까 화질 최대 2160 뜸 ㅁㅊㅁㅊ
GOT7,틧에서 본 뮤비티저해석??
강다니엘,어떻게 맞추는 거야
골든차일드,노랑해는 노래가 나랑해인게 더웃곀ㅋㅋㅋㅋ
도영,새벽감성이지만 진짜 도영이 데뷔해줘서 너무 고마워
드영배,앵커님 그런과셨군요->뭐요 순정파 그런거요?->아니요 찌질한과요
정우(NCT),정프들아 안녕!!! 나 늦덕인데 이거 무슨짤인지 알수있을까?
메이플스토리,3홍조 완료~
케이돌토크,돌판 4대초동ㅋㅋㅋㅋㅋㅋㅋㅋㅋㅋㅋㅋㅋㅋㅋㅋ
드영배,"하진이는 반말 그만하려고 ""안되겠다, 포기"" 이러는데 정훈이는 그거 모르고 그대로 반말로 ""드라마 포기한다고?"""
한승우,너무조아
케이돌토크,투바투 이번컴백 진심 기대된다
동물의숲,동숲 최고미녀는
케이돌토크,오 에핑 아직까지 1위네
